标的证券代码,标的证券简称,本日融资余额(元),本日融资买入额(元),本日融资偿还额(元),本日融券余量,本日融券卖出量,本日融券偿还量
510010,治理ETF,1932107,166882,181562,0,0,0
510050,50ETF,6612136290,37100503,39938225,13406993,500300,4613600
510160,小康ETF,1502768,1559,751,0,0,0
510180,180ETF,405520426,956331,964599,1458436,0,0
510230,金融ETF,9734406,1042,122225,0,0,0
510300,300ETF,18303388949,67605745,135965067,70302203,20826300,22708929
510310,HS300ETF,2578551,49834,27149,0,0,0
510330,华夏300,3428056,0,687,36200,0,0
510500,500ETF,117475644,1077150,748434,121601838,1480600,1494822
510810,上海国企,750758,36675,2899,0,0,0
510880,红利ETF,7714903,908411,945360,52800,0,0
510900,H股ETF,5349656252,609174134,210574861,0,0,0
512070,非银ETF,10121188,2174,1810,0,0,0
512500,中证500,2135134,0,0,0,0,0
518880,黄金ETF,14086211867,728421668,281238777,41961700,41289900,29210997
600000,浦发银行,2124240564,41310031,21408520,2178509,774400,206400
600004,白云机场,247745831,80043180,75010074,0,0,0
600006,东风汽车,454918585,12491090,12808657,0,0,0
600007,中国国贸,621748999,2166742,3750640,21000,1100,0
600008,首创股份,1737859888,1439091016,689227245,740724,346500,397156
600009,上海机场,278126385,39946437,42268849,113000,12800,120892
600010,包钢股份,1517002100,57640957,62669026,554900,82500,1091500
600011,华能国际,331365759,4331934,14586497,109800,97300,97200
600015,华夏银行,2302508124,144755166,62949434,11274322,5870500,2022900
600016,民生银行,7597112459,91361664,69685698,12147865,5431108,5056022
600017,日照港,686542273,105360211,96045403,183000,139500,200000
600018,上港集团,598478047,54075264,46435889,5667860,1128399,529800
600019,宝钢股份,1259390871,40404484,45164744,849100,8700,130000
600020,中原高速,245412551,29442870,25218343,0,0,0
600021,上海电力,460282718,42064334,20994583,74800,21700,156100
600022,山东钢铁,656165976,63080838,46028881,1863200,0,39500
600023,浙能电力,734046333,54678959,47003054,189700,122000,250000
600026,中远海能,665439981,30462920,30200160,7000,0,0
600027,华电国际,468806264,24716008,18545209,55600,22900,55900
600028,中国石化,2194717793,43458543,59062241,3408970,46500,612800
600029,南方航空,1632216379,64616848,76629548,7304035,2665450,74000
600030,中信证券,8977189665,83180117,79073515,2024200,7700,2156611
600031,三一重工,1089193872,21016135,25109343,197800,5000,7200
600033,福建高速,173951010,30619586,32636085,50000,0,0
600036,招商银行,2254236211,57401309,43718497,1797052,99600,647879
600037,歌华有线,899512526,33798620,36819611,1548,0,2100
600038,中直股份,887806995,78237402,54294027,126679,21800,1700
600039,四川路桥,621224808,48651514,59585948,101100,0,0
600048,保利地产,1959732281,138979753,86151603,810469,336800,451900
600050,中国联通,4889691600,0,18911298,2489900,0,3000
600056,中国医药,365649965,14419303,16287598,50700,800,0
600058,五矿发展,629762872,8291496,8530308,34501,400,1100
600059,古越龙山,561230939,5675654,11818650,700,0,400
600060,海信电器,982757459,58971483,49373070,111200,19400,22000
600061,国投安信,365359050,15759177,19261618,99,0,12900
600062,华润双鹤,369747957,9440431,4990490,34896,0,4800
600063,皖维高新,567671321,27458445,23074388,1000,0,0
600064,南京高科,383698785,34552320,30557643,3000,0,0
600066,宇通客车,696746239,10452316,19541279,94000,9300,14800
600067,冠城大通,846617638,33815843,32907888,100000,95500,300
600068,葛洲坝,1339944177,52834107,78515296,487600,227100,109500
600073,上海梅林,694954044,8700648,19080281,28700,6700,20800
600077,宋都股份,710362885,16595908,15366481,100,0,0
600078,澄星股份,478563125,14816500,14648058,0,0,0
600079,人福医药,495434542,26799834,9388151,14000,500,200
600085,同仁堂,698510617,25050150,25026055,82600,1000,9000
600086,东方金钰,698291410,16838887,18229168,30300,20000,0
600088,中视传媒,418506461,12577082,12778175,23084,23000,14000
600089,特变电工,1301924711,36734251,46923222,342327,158000,119900
600094,大名城,579537374,6838786,10160766,13000,0,0
600096,云天化,488453311,14102967,10721963,26700,2000,0
600098,广州发展,659190173,77396408,49431219,69400,68000,0
600100,同方股份,3471772490,142383410,163314481,1651957,196100,153101
600104,上汽集团,1365770678,99114458,74346651,502346,30100,78800
600107,美尔雅,706880946,10652211,17482722,10426,0,1300
600108,亚盛集团,1023975220,21172544,18344409,30400,15900,5400
600109,国金证券,2300479434,84030859,99011830,3371173,30800,220669
600110,诺德股份,1251261035,40146213,66654421,212404,55000,45000
600111,北方稀土,1837570131,35648591,46741645,257650,34600,250600
600112,天成控股,759847471,18823638,16495104,0,0,0
600113,浙江东日,547262378,11487582,15236978,83700,60000,600
600115,东方航空,1447302014,157004085,128593280,929500,335400,168400
600116,三峡水利,772492190,130410075,73254932,213100,203000,207000
600118,中国卫星,1740924036,109996561,79841143,173212,33100,54200
600119,长江投资,800256835,95710557,74603805,147528,40100,14300
600120,浙江东方,1295013892,31074917,41132631,20690,13390,21400
600123,兰花科创,656605190,42174310,51648968,106900,49500,400
600125,铁龙物流,833828074,70825698,51470771,209300,113500,130100
600132,重庆啤酒,237480021,6704218,5704172,1000,0,10000
600135,乐凯胶片,868677313,148788006,185023068,42500,17500,30000
600138,中青旅,547113890,20628425,24082936,41800,3100,0
600139,西部资源,747735082,13240173,8694631,0,0,30500
600141,兴发集团,735346797,16138881,20586621,4400,4400,0
600143,金发科技,618382935,0,541720,203400,0,0
600146,商赢环球,447214262,0,188252,0,0,0
600149,廊坊发展,710658881,184761983,166545564,375492,113900,245500
600150,中国船舶,1695736377,157614037,168253768,1740821,209125,433366
600151,航天机电,348282816,0,398990,400,0,0
600153,建发股份,1286041685,63795105,75030445,182026,52200,180100
600155,宝硕股份,791616830,423218801,253992777,94936,30036,35000
600157,永泰能源,957994470,51018378,22357889,200570,24300,0
600158,中体产业,1850628096,0,9908655,121100,0,0
600160,巨化股份,787336121,60972828,62302168,28700,0,318434
600161,天坛生物,878320575,30327536,44850812,6400,4900,20000
600166,福田汽车,1194619397,55106660,47497048,4938518,0,40000
600168,武汉控股,115488005,28146723,20039412,0,0,0
600169,太原重工,508087163,38091261,33273406,144600,142900,0
600170,上海建工,960029737,52278994,37542134,439362,200,800800
600171,上海贝岭,949260544,15464029,13122238,900,0,8100
600175,美都能源,532543133,4740499,4438948,0,0,0
600176,中国巨石,1283527895,52087280,60883636,39700,0,0
600177,雅戈尔,1185156621,19407309,31044819,123900,0,1000
600183,生益科技,607695198,22590686,25286232,27200,0,0
600185,格力地产,599890714,302690412,188916863,111600,52600,1000
600186,莲花健康,497777521,12770937,12731197,0,0,0
600187,国中水务,979866990,99628182,98387471,605600,596700,122400
600188,兖州煤业,235652114,19637049,18364268,64299,600,42200
600193,创兴资源,396990407,5137922,10952034,0,0,5000
600196,复星医药,755604109,43214656,33508152,138662,74100,52800
600197,伊力特,320589173,12456341,25353609,20315,13200,34000
600198,大唐电信,1193435192,21159865,36877769,34355,24350,200
600199,金种子酒,412547839,13619623,9171457,100,0,39970
600200,江苏吴中,1068033416,10179377,14687800,131,0,51599
600201,生物股份,1145991961,20703060,13701745,28300,0,0
600206,有研新材,840330972,34566028,25215294,43784,6000,0
600208,新湖中宝,1263138788,75848186,88730054,428300,81100,123200
600209,罗顿发展,587169859,144155179,126342803,470400,149700,91000
600210,紫江企业,800038776,14874119,14057595,0,0,0
600216,浙江医药,783162914,25172929,23052573,0,0,0
600218,全柴动力,874709324,9243900,15461333,1900,0,0
600219,南山铝业,1340154851,57850886,70930873,4100,0,2000
600220,江苏阳光,544440894,22211071,9416604,0,0,0
600221,海南航空,1480001489,202526669,142939877,1720500,946400,315000
600222,太龙药业,498941361,14290701,13120838,0,0,0
600223,鲁商置业,373667572,9798711,9091825,1700,0,0
600229,城市传媒,416252522,5527074,8544489,0,0,0
600237,铜峰电子,619534911,15944815,17042941,0,0,0
600239,云南城投,537787484,0,1848186,900,0,0
600240,华业资本,854173705,40396328,42256338,27803,300,1500
600251,冠农股份,395364667,15322320,28837529,1700,0,83100
600252,中恒集团,1035060997,22495776,40853689,43000,0,0
600256,广汇能源,1115126330,20935412,29439203,153500,31200,4000
600257,大湖股份,611722722,5556604,8144322,0,0,0
600259,广晟有色,717398281,29696233,34400980,10100,0,49300
600260,凯乐科技,1450190711,48898741,68898604,58000,25000,47000
600261,阳光照明,321228100,6376906,8603358,21300,0,0
600266,北京城建,2089558284,472973673,420235466,27000,0,1600
600267,海正药业,556807076,9488252,6186724,27500,1500,0
600269,赣粤高速,306330479,22930479,17531532,0,0,0
600270,外运发展,583765829,28616072,22819979,19000,0,5000
600271,航天信息,1154870035,50242862,35819207,132131,0,17300
600273,嘉化能源,386675761,10698926,10435027,44500,0,0
600276,恒瑞医药,401806215,28365724,14936130,344197,7600,3700
600277,亿利洁能,946080658,0,8860194,72300,0,0
600284,浦东建设,303631849,30755585,28203229,0,0,15000
600285,羚锐制药,481779245,10733941,6433952,0,0,2500
600288,大恒科技,808163280,35627077,23244651,2681,381,75500
600289,亿阳信通,804165210,9860133,13879904,13300,1500,11700
600292,远达环保,706476627,38352000,27376518,36,0,24400
600293,三峡新材,884026375,2438632,1604903,33,0,0
600297,广汇汽车,509976978,13615388,21212880,0,0,0
600298,安琪酵母,415701173,30375960,27908242,20200,200,40800
600300,维维股份,584160269,7640110,12218731,30300,0,0
600307,酒钢宏兴,851555044,49012017,35301413,0,0,150000
600309,万华化学,1712662222,162220745,133215125,1940136,135100,29500
600310,桂东电力,208346149,14978399,14404590,0,0,0
600312,平高电气,1092705888,22177330,37773973,2300,0,54000
600315,上海家化,956288999,15072275,19618616,168100,3200,77900
600316,洪都航空,860912721,46070889,36992973,83945,15000,99400
600318,新力金融,741982003,0,5552597,0,0,0
600320,振华重工,350265691,24509682,27604070,147600,0,20000
600321,国栋建设,587134908,11922881,15720612,300,0,0
600323,瀚蓝环境,571627465,91375008,65442455,76687,25600,27200
600325,华发股份,1043703135,0,26697475,131925,0,0
600329,中新药业,303046782,6365290,11419648,21300,4300,10900
600330,天通股份,947212155,39172372,22198946,11800,8000,2000
600331,宏达股份,477456798,17972685,15637505,0,0,0
600332,白云山,758423214,11843566,14487936,41350,0,21500
600333,长春燃气,382673165,9174474,12925953,0,0,0
600335,国机汽车,202894737,14649597,15209520,8700,6500,0
600336,澳柯玛,498052406,8889680,9321827,0,0,0
600337,美克家居,487296410,22793641,36213844,0,0,0
600340,华夏幸福,4692618882,0,302032744,285223,0,104100
600343,航天动力,925428752,46111669,49136096,20337,20300,23000
600348,阳泉煤业,768971266,42233081,27159761,1048901,0,0
600350,山东高速,258256363,10996581,14742256,35500,500,0
600352,浙江龙盛,1268119642,22385062,26211703,87153,0,0
600354,敦煌种业,530528681,8776019,19292562,0,0,0
600362,江西铜业,1650117020,57612689,54755497,150156,30000,89900
600363,联创光电,969988208,13390624,21733478,16300,0,15000
600366,宁波韵升,929204336,15048039,24562259,127,0,12600
600369,西南证券,1205771704,11098976,19951119,4500,0,26100
600372,中航电子,927064756,33509923,41516978,137465,28142,216200
600373,中文传媒,866978297,10326199,21239454,19868,9100,23300
600376,首开股份,1043828257,173630844,121521014,277300,195400,95200
600377,宁沪高速,67086290,2607063,2768761,75000,0,0
600380,健康元,795644715,12085623,19886800,20500,0,0
600382,广东明珠,769822075,15941574,36979817,60,0,2600
600383,金地集团,2861154337,91227125,65632438,87800,5300,94100
600386,北巴传媒,517231581,28250947,23365479,13900,0,3100
600387,海越股份,590823029,0,2671734,484110,0,0
600388,龙净环保,788303086,0,2378293,31,0,0
600389,江山股份,220229788,4055485,3397877,0,0,0
600391,成发科技,748965254,61461456,45062480,15398,15200,0
600392,盛和资源,851738118,15494984,32199112,72537,52500,260200
600395,盘江股份,352669340,12153321,11234404,32898,10000,190571
600398,海澜之家,227619904,31381335,11917423,2400,0,0
600406,国电南瑞,1849455055,0,7888067,153555,0,0
600409,三友化工,750034173,64643510,82154626,39400,0,0
600410,华胜天成,1272319639,66899161,49159618,6060,6000,82100
600415,小商品城,871335450,44468430,24647182,350600,13700,86500
600416,湘电股份,1262022183,66615696,48771340,22000,0,5600
600418,江淮汽车,1004827739,25326929,16906635,167586,0,38400
600422,昆药集团,559685870,9579098,12636572,11062,0,4400
600426,华鲁恒升,390680055,19681140,13433849,61900,29000,4300
600433,冠豪高新,784101044,15017642,15723183,54500,8100,1000
600435,北方导航,1382862203,199425149,189793564,1138592,418400,308100
600436,片仔癀,443519112,32129916,29319456,24330,0,0
600446,金证股份,1413377680,23213987,25028737,100095,0,17800
600449,宁夏建材,610826044,71138045,62945893,26800,17000,114500
600456,宝钛股份,484555535,22149746,29673981,45720,0,7400
600458,时代新材,561876390,18349987,24183920,1700,0,22100
600459,贵研铂业,790167593,37757035,35072591,19800,0,6500
600460,士兰微,583825677,9255035,14826785,1600,0,0
600466,蓝光发展,773548096,72084189,112704309,0,0,0
600467,好当家,532508426,13777669,12202577,0,0,0
600470,六国化工,588430888,27613731,32184293,0,0,0
600478,科力远,1099785831,2270101,9955659,31500,5100,0
600481,双良节能,553983880,0,1233187,104700,0,0
600482,中国动力,2007693930,216637755,226489268,40053,30000,22300
600483,福能股份,296099978,11231270,10462108,4000,0,0
600485,信威集团,185895903,0,709068,176600,0,0
600486,扬农化工,383545187,23088514,6254189,29000,14600,0
600489,中金黄金,2015452460,206752783,211108035,279399,36000,2100
600490,鹏欣资源,1397332420,0,17367394,13586,0,0
600491,龙元建设,665438870,11888150,24979029,61200,56200,41000
600495,晋西车轴,810811220,54192783,68104115,62300,62300,37700
600497,驰宏锌锗,1235106915,21999615,21363955,45600,600,12600
600498,烽火通信,619929080,10177575,25521929,11370,0,7400
600499,科达洁能,976218758,19060361,29650570,49100,0,15900
600500,中化国际,1090140542,196079125,99938501,61000,21200,120000
600502,安徽水利,745460054,42629870,38453983,2700,0,159950
600503,华丽家族,1469756689,20570533,25459888,94200,94000,50000
600509,天富能源,534819560,41293153,32404872,25000,23200,23200
600511,国药股份,147873452,19295852,35183287,6000,0,0
600515,海航基础,421592956,17448949,28284512,61159,54100,300
600516,方大炭素,913331843,23131372,29722052,44700,600,160000
600517,置信电气,618230747,13050338,16116994,29800,0,0
600518,康美药业,2331015430,23521369,51050268,576002,131300,15100
600519,贵州茅台,1771519584,203332456,180209361,165815,12000,7891
600521,华海药业,555150707,19838801,19855757,7810,0,34900
600522,中天科技,2094571747,53479069,73764002,0,0,22500
600523,贵航股份,657033480,31780716,36333947,43900,3900,500
600525,长园集团,572726442,12194213,8334333,12400,0,0
600526,菲达环保,523947561,60993055,35384138,40127,40000,33940
600528,中铁工业,1441577656,114280440,72784446,559810,320820,99400
600535,天士力,1377299107,39273785,6668408,19900,0,600
600536,中国软件,1281547843,9815054,16979342,198,0,21800
600537,亿晶光电,796274548,11541595,15038027,55000,55000,0
600543,莫高股份,303910665,4659729,8176884,25042,0,7800
600545,新疆城建,756207318,49486996,71882595,167000,52000,296800
600547,山东黄金,2122593086,0,11184276,97500,0,0
600548,深高速,77737043,31775693,26002663,0,0,0
600549,厦门钨业,981037871,23614929,22643018,63849,13200,74700
600551,时代出版,365345392,0,2168936,2100,0,0
600557,康缘药业,417258068,15759810,6106822,339,0,20400
600559,老白干酒,163401132,0,87011,5650,0,0
600563,法拉电子,521956492,29501742,34027832,0,0,5000
600566,济川药业,143614798,9849825,5106872,15300,1200,2700
600568,中珠医疗,919273797,32286929,30807977,16298,4300,4300
600570,恒生电子,2660318470,57148589,47410272,107370,31500,2900
600572,康恩贝,370361432,2529643,3770149,600,0,0
600575,皖江物流,456922254,7914729,10316404,0,0,0
600578,京能电力,334572444,53607824,21643307,438900,214000,49500
600580,卧龙电气,417947148,24753912,8026295,500,0,0
600582,天地科技,492432636,16488155,15500057,28400,0,0
600583,海油工程,803467275,15167452,22881914,144400,3300,0
600584,长电科技,827441263,57288031,90263643,8231,8200,39900
600585,海螺水泥,1130525729,114179210,143663932,393576,48600,53400
600587,新华医疗,413400849,8044408,6833015,14000,1000,0
600588,用友网络,1757810844,14031597,15356842,331099,12800,53600
600592,龙溪股份,318336574,13241908,31018162,53000,13000,0
600594,益佰制药,768212083,18360924,44862135,7400,5000,8500
600595,中孚实业,390053788,26047530,26183404,7100,0,0
600596,新安股份,492663585,11753929,9290947,0,0,0
600597,光明乳业,540373176,9477160,12851403,2000,0,0
600600,青岛啤酒,323660199,17876664,10915978,41500,3600,500
600601,方正科技,756128176,10184300,10264170,0,0,0
600604,市北高新,344257432,14086488,21657792,26200,0,0
600606,绿地控股,1962058902,64062522,64603505,11200,0,0
600609,金杯汽车,444351270,0,576224,39000,0,0
600611,大众交通,855800564,9386365,16596793,3200,0,0
600612,老凤祥,24783750,1472264,2688857,0,0,0
600614,鹏起科技,1115034776,21288398,23992000,1900,1200,5000
600616,金枫酒业,559119462,10804160,4305443,5700,0,17000
600620,天宸股份,494374361,5302083,5388804,100,0,400
600624,复旦复华,544246272,9245298,9005986,0,0,0
600626,申达股份,824336455,13559822,20870071,0,0,49000
600633,浙报传媒,741929777,28914620,29100206,38780,7400,27400
600635,大众公用,1078726640,51142723,25369625,74500,67800,5500
600637,东方明珠,1278438875,10541464,14734510,141696,1500,19000
600639,浦东金桥,453797933,18149379,21144396,1229000,0,122600
600640,号百控股,539570970,5021733,17332851,1700,0,18400
600642,申能股份,688956915,38312859,30376120,34300,20000,0
600643,爱建集团,864587885,71880332,83109814,27129,11600,0
600645,中源协和,1067241987,0,907232,10700,0,0
600648,外高桥,832114418,22669603,24154144,1205600,0,35600
600649,城投控股,2056843608,94826741,92434662,1616665,107800,249949
600651,飞乐音响,725732219,11061370,14901893,7900,5500,5100
600652,游久游戏,714754304,14576053,14950471,8736,0,44300
600653,申华控股,492234995,6122427,4627061,0,0,0
600654,中安消,1377696867,0,2623673,0,0,0
600655,豫园商城,588361886,0,742264,33900,0,0
600660,福耀玻璃,1109270872,27608351,54551561,125100,4500,7300
600661,新南洋,315170059,6225516,3638791,300071,0,5900
600662,强生控股,732562766,8235851,10141514,0,0,0
600663,陆家嘴,654582624,19247185,24229510,188900,0,160884
600664,哈药股份,481793210,36038566,35968773,19000,11500,3300
600667,太极实业,782985033,4269383,8687554,0,0,0
600668,尖峰集团,867376329,53000965,51065517,200,200,16800
600673,东阳光科,1439864147,0,7609758,26900,0,0
600674,川投能源,730832603,36645289,35235637,188700,11000,100000
600676,交运股份,113945293,6036967,3342670,0,0,0
600677,航天通信,598620464,59351926,27697208,18793,18600,11700
600684,珠江实业,628102947,323470652,234230792,15400,0,0
600686,金龙汽车,264827694,6918901,23431893,22400,11600,0
600688,上海石化,763909861,34998640,24115627,486100,422600,19800
600690,青岛海尔,836352106,27264509,29976725,398425,38900,73900
600692,亚通股份,697516506,20048148,20750080,8700,0,31000
600694,大商股份,1186446545,23798893,14195363,4700,0,100
600699,均胜电子,1247408925,24143138,31567118,9700,4200,100
600702,沱牌舍得,486653483,10855597,24467115,827,0,99300
600703,三安光电,1129385204,50248434,73130460,669640,223840,108140
600704,物产中大,1232438318,35975975,39881488,80100,10200,0
600705,中航资本,2541940668,190895498,139893003,675700,474600,245900
600707,彩虹股份,590670179,6920603,6377760,0,0,0
600711,盛屯矿业,981745949,24114979,22329099,300,0,0
600716,凤凰股份,466177476,19477828,12177200,0,0,0
600717,天津港,1047310879,371562441,298376659,394500,29000,110000
600718,东软集团,1730214613,127440892,143755820,172810,8600,55500
600720,祁连山,1008603505,77815689,57828997,80000,20000,125000
600722,金牛化工,363968341,63118647,65634428,339700,130900,74600
600728,佳都科技,958437566,14049219,18424270,0,0,0
600729,重庆百货,652671088,12011027,19676749,13200,11300,0
600730,中国高科,583322116,22670219,14248524,0,0,0
600737,中粮糖业,1059802200,31059277,27390960,175066,35000,0
600739,辽宁成大,1952425414,70221399,79108632,96305,46300,1500
600740,山西焦化,439784850,9868902,15893688,100000,100000,125000
600741,华域汽车,906633908,25355881,22214697,68000,9000,200
600742,一汽富维,798383513,16247215,14457024,0,0,0
600743,华远地产,477679826,132669856,71665165,327558,276658,0
600744,华银电力,409603836,84331671,70659698,30400,30000,30000
600747,大连控股,512841109,831168,5448470,0,0,0
600748,上实发展,629922146,13864413,12611005,26230,0,16500
600750,江中药业,701212578,51724837,22377992,10100,0,3500
600751,天海投资,785805087,41710339,36596112,143700,141700,13400
600755,厦门国贸,901153548,69250078,58435997,70000,0,125000
600756,浪潮软件,838310684,11914478,15256378,3063,2913,18300
600757,长江传媒,592107259,13152063,17486908,2511464,157276,40300
600759,洲际油气,674618598,27664617,38333223,24100,23000,0
600761,安徽合力,382228704,28333117,23311679,7200,5000,0
600765,中航重机,1176498682,270247086,190951405,121989,25347,97700
600770,综艺股份,1186747879,8348558,7328889,0,0,0
600771,广誉远,606717879,16582293,21426493,6517,1900,11300
600773,西藏城投,874600574,71832029,78760397,2113033,169800,102000
600775,南京熊猫,843504242,16189357,14297366,20000,400,13000
600776,东方通信,492796800,3083605,3707021,0,0,0
600777,新潮能源,755778939,0,12518271,0,0,63700
600783,鲁信创投,1106849842,43720502,41806873,63100,35000,0
600787,中储股份,1014681216,179275439,156192969,341600,286200,66800
600789,鲁抗医药,530494793,16816929,19912308,130600,0,0
600790,轻纺城,531809715,13434293,16898692,0,0,0
600795,国电电力,1509260005,242388248,195682512,8626400,695200,1177000
600797,浙大网新,1064787584,43740466,41317690,1000,1000,16500
600800,天津磁卡,703506613,46671896,35522411,140400,140400,96903
600801,华新水泥,446041670,106454098,94559753,206100,105000,146000
600802,福建水泥,524496602,85704420,94046626,199600,64600,95400
600803,新奥股份,319962043,74499844,83075015,7000,0,10000
600804,鹏博士,2618113046,23419184,22910079,112831,4200,25400
600805,悦达投资,504310324,17096258,13632847,0,0,0
600807,天业股份,941067072,0,5410766,600,0,0
600808,马钢股份,484927239,32835977,16570268,122400,22400,15000
600809,山西汾酒,363251938,23615200,29676458,70585,21700,144200
600811,东方集团,915515301,25863496,31589543,5000,0,0
600815,厦工股份,418047382,14518606,19972721,127300,0,80000
600816,安信信托,2385662748,38981257,40899319,410570,151900,0
600820,隧道股份,1250501747,42682197,44431987,141400,20000,0
600823,世茂股份,438710691,17934791,27156578,1400,1400,0
600825,新华传媒,613412695,54309895,21872640,46500,45700,0
600826,兰生股份,564210119,7690247,21839153,167,0,0
600827,百联股份,1112200559,49315628,43629599,124922,58600,24000
600830,香溢融通,788257347,30217688,36811045,0,0,0
600831,广电网络,480552304,2912721,13642729,97,0,5000
600835,上海机电,500756624,41819129,42385314,18500,3000,8100
600837,海通证券,3116351312,57371356,65547840,6955506,270000,319600
600838,上海九百,746857096,14988684,16542327,140200,0,80700
600839,四川长虹,1823564098,44050941,48865439,447900,0,178200
600844,丹化科技,394435228,1226976,1174905,0,0,0
600846,同济科技,567650736,57975321,32093801,1200,0,0
600851,海欣股份,601494723,3221928,15150172,6114,0,0
600855,航天长峰,341876582,0,171294,0,0,0
600859,王府井,266052703,0,131681,0,0,0
600863,内蒙华电,558140287,57020690,64633571,165100,16900,370400
600867,通化东宝,525085805,9893055,18426533,87547,10600,10900
600868,梅雁吉祥,1185997483,223867982,245283956,130000,130000,0
600872,中炬高新,501125708,15660199,32011434,99230,38000,55000
600873,梅花生物,854122945,27870575,26434960,74400,100,23900
600874,创业环保,498076326,0,11314153,70000,0,89918
600875,东方电气,861176992,11919836,13666662,162006,0,1500
600877,中国嘉陵,319760485,5459649,10718205,77500,17500,67500
600879,航天电子,1525338549,98603634,101157001,381593,60700,186000
600880,博瑞传播,802232851,17163968,13930883,23200,0,0
600881,亚泰集团,889150676,37516198,43743720,125600,119700,36100
600884,杉杉股份,858252453,71904699,53499368,20093,20000,83552
600886,国投电力,1684278381,31252596,50653342,371500,129900,69002
600887,伊利股份,2483766586,80914425,58681804,433400,62000,207900
600893,中航动力,1849085391,209701737,158775594,339211,79259,19600
600894,广日股份,363049979,0,2796138,14500,0,0
600895,张江高科,1231165898,17180945,17155253,142500,0,24800
600900,长江电力,1319626226,42029867,33554729,470325,21600,4300
600919,江苏银行,716849960,29036334,26390339,0,0,0
600958,东方证券,394576425,14036532,18242835,193600,4900,84300
600967,北方创业,822847243,58670517,44885246,0,0,11400
600970,中材国际,1161544460,237238516,195112939,335300,143500,52600
600971,恒源煤电,403972966,35540810,30783240,96500,90000,500
600976,健民集团,270038086,3434519,4644649,91,0,11200
600978,宜华生活,1387215351,17488552,15481257,8600,0,0
600987,航民股份,299466051,11626086,18466958,3000,0,0
600993,马应龙,517715608,16045335,13920255,135,0,18300
600998,九州通,244363901,5698353,9222380,5410,4100,0
600999,招商证券,1501168933,22361966,16087339,109704,500,16500
601000,唐山港,443976662,0,13941633,0,0,0
601001,大同煤业,376518908,6511051,13858996,5700,0,0
601002,晋亿实业,675951566,48266230,49734071,140982,124182,80000
601006,大秦铁路,1080114721,49734186,44241456,1630055,195700,424200
601009,南京银行,1522526235,84820725,35654023,307320,200,25000
601012,隆基股份,1013936951,51131624,30279453,0,0,25200
601018,宁波港,925767182,93582735,98793754,2455931,1248500,354407
601021,春秋航空,167974855,5342554,6586355,0,0,0
601038,一拖股份,306524417,18522279,17505377,153519,153448,7900
601088,中国神华,1395263977,37485964,44176319,672146,26400,129700
601098,中南传媒,355958659,4289963,4543703,20300,7400,900
601099,太平洋,1972559590,49295124,54975814,309050,0,149000
601101,昊华能源,192725579,31026151,16185254,16000,0,0
601106,中国一重,840591719,21259446,19959778,312300,51000,0
601107,四川成渝,130268116,23901905,25749677,0,0,0
601111,中国国航,541493550,42800668,40700357,536100,219400,187182
601117,中国化学,855813023,36258513,40977083,249400,1800,34300
601118,海南橡胶,1144623797,26414477,24591835,403600,144400,14200
601126,四方股份,463741215,104520813,107807439,220000,194000,0
601139,深圳燃气,168744633,6373822,6816969,2300,0,0
601155,新城控股,415304830,23102500,36494685,14962,0,0
601158,重庆水务,285126423,21302065,16008751,83500,70400,0
601166,兴业银行,9580055675,263686448,247100765,12214345,5287584,3022922
601168,西部矿业,1179754649,212628669,142504164,3000,400,0
601169,北京银行,1287323877,12417085,17205676,12219821,441300,353800
601179,中国西电,698916805,52295671,31970831,354800,257100,45000
601186,中国铁建,2501150191,98528699,82438572,1706900,468600,175600
601199,江南水务,146464339,20800023,22200274,0,0,0
601211,国泰君安,1153835767,44182470,61997573,717000,0,2000
601216,君正集团,1187708039,50720108,54249080,655200,318700,260000
601218,吉鑫科技,496634283,9028868,9542118,0,0,0
601225,陕西煤业,467769476,52024856,28340338,140600,12700,181650
601229,上海银行,377403441,33617480,23622785,0,0,0
601231,环旭电子,307211177,11079488,8207503,61800,0,9000
601238,广汽集团,465328093,10171940,6210847,32992,0,0
601258,庞大集团,1150778874,145659286,114934292,2659800,5400,200300
601288,农业银行,2196212737,27947160,40864724,2181101,20000,0
601311,骆驼股份,533192019,60735954,34532555,31355,1200,25800
601318,中国平安,12982443855,243250935,179894524,481500,129900,303700
601328,交通银行,1511225093,42064951,26121438,18083173,25300,55700
601333,广深铁路,750113322,62471715,62447353,385800,0,140000
601336,新华保险,892295816,24030559,28869363,179700,1000,1000
601369,陕鼓动力,394548128,8270793,10377449,31400,10600,0
601377,兴业证券,2375004021,53943092,52790451,477019,0,16800
601388,怡球资源,522662458,33067726,33613826,3000,0,160000
601390,中国中铁,2136597435,125851487,123861962,2733970,947600,208100
601398,工商银行,2744818871,49570424,20104658,34855536,13591700,7238200
601515,东风股份,73659698,7269037,6063462,0,0,0
601519,大智慧,382680482,6323236,4703762,3000,0,0
601555,东吴证券,1984134144,35684764,66272789,1108342,0,16533
601566,九牧王,104864106,2077645,3610528,100,0,2500
601588,北辰实业,393842513,18233090,14623214,155000,115000,0
601600,中国铝业,1636945144,76812402,103756262,1235300,89900,26200
601601,中国太保,863226798,14812338,15278983,1408000,53900,76600
601607,上海医药,513739507,8439210,16758245,274400,23000,17600
601608,中信重工,702818298,41815295,57475166,134005,111005,60000
601618,中国中冶,1610525959,115921747,185690179,1719781,607200,104900
601628,中国人寿,1158718293,7637128,19149408,248207,29700,7700
601633,长城汽车,965909065,167957929,129096980,655200,239600,263800
601666,平煤股份,553684376,11301180,15752350,2900,0,0
601668,中国建筑,7565253515,741111599,816026617,3448200,741200,450900
601669,中国电建,1625932967,169011851,114379833,1353303,737100,74200
601678,滨化股份,565375970,33247461,29886724,70600,0,0
601688,华泰证券,2888736995,61402127,83039145,9922889,84500,303000
601699,潞安环能,625900080,30172893,32590321,12714824,588700,193132
601717,郑煤机,463716923,13746452,17887912,2200,0,0
601718,际华集团,1494676672,385833263,336681150,489000,350400,250000
601727,上海电气,771502497,0,744387,522500,0,0
601766,中国中车,3065241883,212450237,115012833,1065098,221000,139800
601777,力帆股份,782773989,9297398,14911799,600,0,0
601788,光大证券,2388709736,34182174,32163670,64869,4000,51500
601789,宁波建工,599477591,18762849,18341680,0,0,0
601800,中国交建,1103234356,78071203,68798824,808313,230600,54600
601801,皖新传媒,486995437,0,4154676,35300,0,14400
601808,中海油服,444658556,6360571,4605404,139400,600,11300
601818,光大银行,1248614330,23927552,24946260,791099,0,55400
601857,中国石油,1411546946,26763381,47891945,525000,157400,224000
601866,中远海发,674989264,47699762,32735609,674112,84100,218100
601872,招商轮船,834632357,28955395,38452592,21700,0,0
601877,正泰电器,518084513,13456593,10756919,1000,0,0
601880,大连港,521450260,96217646,86062841,920000,702000,1099970
601886,江河集团,783408800,74060899,50863982,110800,55000,74000
601888,中国国旅,946490919,82735559,74328966,67100,1700,21600
601898,中煤能源,502028527,29097339,45871657,54000,3000,3000
601899,紫金矿业,1340435481,52363945,42101951,46900,0,0
601901,方正证券,1597587110,35988973,40468692,643400,11000,246800
601919,中远海控,660322013,28977109,38087353,573878,500,206200
601928,凤凰传媒,593819644,13890811,12256770,20000,0,6000
601929,吉视传媒,568055339,34143144,22107990,6528200,1060500,69100
601933,永辉超市,785998036,35925770,32134268,716100,311000,32800
601939,建设银行,1620693853,12590142,22271154,1852625,236000,172075
601958,金钼股份,650589261,11486153,22582835,133300,5800,0
601985,中国核电,911461258,109474650,97182653,252000,33100,18200
601988,中国银行,2730670552,73624776,86417689,29010300,7235200,1507900
601989,中国重工,4624304301,192340307,254108360,1408590,338448,232600
601991,大唐发电,403731281,24819372,26883360,5113348,1914590,1004600
601992,金隅股份,617978288,0,13010874,224000,0,0
601996,丰林集团,530874071,22186150,25227443,125600,0,0
601997,贵阳银行,716265922,40874998,43914940,0,0,0
601998,中信银行,681995112,12593370,24655300,220000,4300,91200
601999,出版传媒,292814027,6076600,9020032,0,0,0
603000,人民网,795204001,31575448,37258691,87800,0,1200
603001,奥康国际,190123883,8851602,6973921,0,0,0
603169,兰石重装,184150358,16242421,15005559,10000,0,0
603188,亚邦股份,231857817,54279844,44157360,0,0,0
603369,今世缘,127860184,5341416,11734917,30000,21600,0
603766,隆鑫通用,581718580,14173114,24294414,0,0,0
603993,洛阳钼业,1013571802,83800163,83490405,701900,201100,227000
