股票代码,股票名称,总股本(股),流通股本(股),上市日期
600000,浦发银行,29352080400,28103763900,1999-11-10
600004,白云机场,2069320500,2069320500,2003-04-28
600006,东风汽车,2000000000,2000000000,1999-07-27
600007,中国国贸,1007282500,1007282500,1999-03-12
600008,首创股份,5685448199,4820614100,2000-04-27
600009,上海机场,1926958400,1093476400,1998-02-18
600010,包钢股份,45585032600,31677211600,2001-03-09
600011,华能国际,15698093400,15200383400,2001-12-06
600012,皖通高速,1658610000,1658610000,2003-01-07
600015,华夏银行,12822686700,12822686700,2003-09-12
600016,民生银行,43782418500,43782418500,2000-12-19
600017,日照港,3075653900,3075653900,2006-10-17
600018,上港集团,23173674700,23173674700,2006-10-26
600019,宝钢股份,22267915099,22101086900,2000-12-12
600020,中原高速,2247371800,2247371800,2003-08-08
600021,上海电力,2617164200,2139739300,2003-10-29
600022,山东钢铁,10946549600,10946549600,2004-06-29
600023,浙能电力,13600690000,13600690000,2013-12-19
600025,华能水电,18000000000,8928000000,2017-12-15
600026,中远海能,4032032900,4032032900,2002-05-23
600027,华电国际,9862976700,8712976700,2005-02-03
600028,中国石化,121071209600,121071209600,2001-08-08
600029,南方航空,12267172300,10689099200,2003-07-25
600030,中信证券,12116908400,12092989400,2003-01-06
600031,三一重工,7798542700,7760865600,2003-07-03
600033,福建高速,2744400000,2744400000,2001-02-09
600035,楚天高速,1728086800,1491395100,2004-03-10
600036,招商银行,25219845600,25219845600,2002-04-09
600037,歌华有线,1391777900,1391777900,2001-02-08
600038,中直股份,589476700,589476700,2000-12-18
600039,四川路桥,3610525500,3457072800,2003-03-25
600048,保利地产,11892264400,11770164300,2006-07-31
600050,中国联通,31027811700,21196596400,2002-10-09
600051,宁波联合,310880000,310880000,1997-04-10
600052,浙江广厦,871789100,871789100,1997-04-18
600053,九鼎投资,433540800,433540800,1997-04-18
600054,黄山旅游,747300000,747300000,1997-05-06
600055,万东医疗,540816200,484848000,1997-05-19
600056,中国医药,1068485500,1012136100,1997-05-15
600057,厦门象屿,2157454100,2137543800,1997-06-04
600058,五矿发展,1071910700,1071910700,1997-05-28
600059,古越龙山,808524200,808524200,1997-05-16
600060,海信电器,1308481200,1308481200,1997-04-22
600061,国投资本,4227129699,4173831900,1997-05-19
600062,华润双鹤,1043237700,823242200,1997-05-22
600063,皖维高新,1925894700,1925894700,1997-05-28
600064,南京高科,1235956900,1235956900,1997-05-06
600066,宇通客车,2213939200,1903484200,1997-05-08
600067,冠城大通,1492110700,1492110700,1997-05-08
600068,葛洲坝,4604777400,4604777400,1997-05-26
600069,银鸽投资,1623833800,1623833800,1997-04-30
600070,浙江富润,521946100,401518100,1997-06-04
600071,凤凰光学,237472500,237472500,1997-05-28
600072,中船科技,736249900,600778800,1997-06-03
600073,上海梅林,937729500,937729500,1997-07-04
600074,*ST保千 ,2437886000,1018313700,1997-06-23
600075,新疆天业,972522400,832399700,1997-06-17
600076,康欣新材,1034264100,1034264100,1997-05-26
600077,宋都股份,1340122300,1340122300,1997-05-20
600078,澄星股份,662572899,662572899,1997-06-27
600079,人福医药,1353704300,1286049100,1997-06-06
600080,金花股份,373270300,305295900,1997-06-12
600081,东风科技,313560000,313560000,1997-07-03
600082,海泰发展,646115800,633852200,1997-06-20
600083,博信股份,230000000,227993300,1997-06-06
600084,中葡股份,1123726800,1123726800,1997-07-11
600085,同仁堂,1371470300,1371470300,1997-06-25
600086,东方金钰,1350000000,1056845000,1997-06-06
600088,中视传媒,397706400,397706400,1997-06-16
600089,特变电工,3714502800,3714312800,1997-06-18
600090,同济堂,1439662900,702697000,1997-06-16
600091,ST明科,437412500,336526000,1997-07-04
600093,易见股份,1122447500,1122447500,1997-06-26
600094,大名城,2475325100,2475325100,1997-07-03
600095,哈高科,361263600,361263600,1997-07-08
600096,云天化,1321379100,1122130100,1997-07-09
600097,开创国际,240936600,226273000,1997-06-19
600098,广州发展,2726196599,2726196599,1997-07-18
600099,林海股份,219120000,219120000,1997-07-04
600100,同方股份,2963899000,2963899000,1997-06-27
600101,明星电力,324179000,324179000,1997-06-27
600103,青山纸业,1773706000,1061841600,1997-07-03
600104,上汽集团,11683461399,11503432900,1997-11-25
600105,永鼎股份,1252989500,1238274800,1997-09-29
600106,重庆路桥,1098367800,1098367800,1997-06-18
600107,美尔雅,360000000,360000000,1997-11-06
600108,亚盛集团,1946915100,1946915100,1997-08-18
600109,国金证券,3024359300,3024359300,1997-08-07
600110,诺德股份,1150312100,1150312100,1997-10-07
600111,北方稀土,3633066000,3633066000,1997-09-24
600112,天成控股,509204800,509204800,1997-11-27
600113,浙江东日,318600000,318600000,1997-10-21
600114,东睦股份,645794500,634398500,2004-05-11
600115,东方航空,14467585700,14467585700,1997-11-05
600116,三峡水利,993005500,993005500,1997-08-04
600117,西宁特钢,1045118300,741219299,1997-10-15
600118,中国卫星,1182489100,1182489100,1997-09-08
600119,长江投资,307400000,307400000,1998-01-15
600120,浙江东方,874388100,665124400,1997-12-01
600121,郑州煤电,1015343400,1015343400,1998-01-07
600122,宏图高科,1158050400,1158050400,1998-04-20
600123,兰花科创,1142400000,1142400000,1998-12-17
600125,铁龙物流,1305521900,1305521900,1998-05-11
600126,杭钢股份,3377189099,1205081800,1998-03-11
600127,金健米业,641783200,641783200,1998-05-06
600128,弘业股份,246767500,246767500,1997-09-01
600129,太极集团,556890700,426894000,1997-11-18
600130,波导股份,768000000,768000000,2000-07-06
600131,岷江水电,504125199,407658900,1998-04-02
600132,重庆啤酒,483971200,483971200,1997-10-30
600133,东湖高新,725779500,596862000,1998-02-12
600135,乐凯胶片,372991700,372991700,1998-01-22
600136,当代明诚,487182200,344310300,1998-03-03
600137,浪莎股份,97217600,97217600,1998-04-16
600138,中青旅,723840000,723840000,1997-12-03
600139,西部资源,661890500,661890500,1998-02-25
600141,兴发集团,727180800,600865000,1999-06-16
600143,金发科技,2716784800,2560000000,2004-06-23
600145,*ST新亿,1491100400,1491100400,1999-09-23
600146,商赢环球,469970000,200000000,1999-07-07
600148,长春一东,141516500,141516500,1998-05-20
600149,ST坊展,380160000,380160000,1999-10-14
600150,*ST船舶,1378117600,1378117600,1998-05-20
600151,航天机电,1434252300,1388695700,1998-06-05
600152,维科技术,440931600,294942200,1998-06-09
600153,建发股份,2835200500,2835200500,1998-06-16
600155,华创阳安,1739556600,1128242200,1998-09-18
600156,华升股份,402110700,402110700,1998-05-27
600157,永泰能源,12425795300,12425795300,1998-05-13
600158,中体产业,843735399,657495399,1998-03-27
600159,大龙地产,830003200,830003200,1998-05-26
600160,巨化股份,2745166100,2658420100,1998-06-26
600161,天坛生物,871139000,871139000,1998-06-16
600162,香江控股,3399327400,2973801599,1998-06-09
600163,中闽能源,999465200,999465200,1998-06-02
600165,新日恒力,684883800,684883800,1998-05-29
600166,福田汽车,6670131300,6670131300,1998-06-02
600167,联美控股,1760091900,821793400,1999-01-28
600168,武汉控股,709569700,709569700,1998-04-27
600169,太原重工,2563955000,2563955000,1998-09-04
600170,上海建工,8904397700,8486909900,1998-06-23
600171,上海贝岭,699609500,673807800,1998-09-24
600172,黄河旋风,1476318000,1169451600,1998-11-26
600173,卧龙地产,727697500,725057500,1999-04-15
600175,美都能源,3576488800,2451037500,1999-04-08
600176,中国巨石,3502306800,3502306800,1999-04-22
600177,雅戈尔,3581447400,3581447400,1998-11-19
600178,东安动力,462080000,462080000,1998-10-14
600179,安通控股,1486979900,673639400,1998-11-04
600180,瑞茂通,1016477500,1016477500,1998-07-03
600182,S佳通,340000000,170000000,1999-05-07
600183,生益科技,2117490900,2117490900,1998-10-28
600184,光电股份,508760800,418760800,2003-11-06
600185,格力地产,2060119800,2060119800,1999-06-11
600186,莲花健康,1062024299,1062024299,1998-08-25
600187,国中水务,1653935100,1455624200,1998-11-11
600188,兖州煤业,4912016000,4912016000,1998-07-01
600189,吉林森工,716874900,425663200,1998-10-07
600190,锦州港,2002291500,2002291500,1999-06-09
600191,华资实业,484932000,484932000,1998-12-10
600192,长城电工,441748000,441748000,1998-12-24
600193,*ST创兴,425373000,425373000,1999-05-27
600195,中牧股份,601720000,601720000,1999-01-07
600196,复星医药,2563060900,2462461900,1998-08-07
600197,伊力特,441000000,441000000,1999-09-16
600198,*ST大唐,882108500,875325700,1998-10-21
600199,金种子酒,555775000,555775000,1998-08-12
600200,江苏吴中,721892000,715276900,1999-04-01
600201,生物股份,1170537400,1137122200,1999-01-15
600202,*ST哈空,383340700,383340700,1999-06-03
600203,福日电子,456447100,360159500,1999-05-14
600206,有研新材,847078300,838778300,1999-03-19
600207,安彩高科,862956000,690000000,1999-07-14
600208,新湖中宝,8599343500,8598171900,1999-06-23
600209,*ST罗顿,439011200,439011200,1999-03-25
600210,紫江企业,1516736200,1516736200,1999-08-24
600211,西藏药业,179619199,145589000,1999-07-21
600212,江泉实业,511697200,511697200,1999-08-17
600213,亚星客车,220000000,220000000,1999-08-31
600215,长春经开,465032900,465032900,1999-09-09
600216,浙江医药,965258000,955926700,1999-10-21
600217,中再资环,1388659800,1318910799,1999-12-16
600218,全柴动力,368755000,368755000,1998-12-03
600219,南山铝业,11950481500,9787339500,1999-12-23
600220,江苏阳光,1783340300,1783340300,1999-09-27
600221,海航控股,16806120300,16805449100,1999-11-25
600222,太龙药业,573886300,566879000,1999-11-05
600223,鲁商置业,1000968000,1000968000,2000-01-13
600225,天津松江,935492600,932795500,2000-01-27
600226,瀚叶股份,3138640100,1992869000,1999-11-16
600227,圣济堂,1693134200,1245400800,2000-02-21
600228,ST昌九,241320000,241320000,1999-01-19
600229,城市传媒,702096000,702096000,2000-03-09
600230,沧州大化,411863500,411863500,2000-04-06
600231,凌钢股份,2771082700,2771082700,2000-05-11
600232,金鹰股份,364718500,364718500,2000-06-02
600233,圆通速递,2830771200,783367899,2000-06-08
600234,ST山水,202445900,202445900,2000-06-15
600235,民丰特纸,351300000,351300000,2000-06-15
600236,桂冠电力,6063367500,6063367500,2000-03-23
600237,铜峰电子,564369600,564369600,2000-06-09
600238,*ST椰岛,448200000,445001600,2000-01-20
600239,云南城投,1605686900,1605686900,1999-12-02
600240,华业资本,1424253599,1424253599,2000-06-28
600241,时代万恒,294302100,251567100,2000-11-28
600242,中昌数据,456665100,303746800,2000-12-07
600243,青海华鼎,438850000,236850000,2000-11-20
600246,万通地产,2054009300,1216800000,2000-09-22
600247,*ST成城,336441600,336441600,2000-11-23
600248,延长化建,917952700,607606000,2000-06-22
600249,两面针,550000000,550000000,2004-01-30
600250,南纺股份,258692500,258692500,2001-03-06
600251,冠农股份,784842000,784842000,2003-06-09
600252,中恒集团,3475107100,3475107100,2000-11-30
600255,梦舟股份,1769593599,1769593599,2000-11-22
600256,广汇能源,6737103300,6737103300,2000-05-26
600257,大湖股份,481237200,427050000,2000-06-12
600258,首旅酒店,978891300,624609300,2000-06-01
600259,广晟有色,301802300,262122599,2000-05-25
600260,凯乐科技,714796400,628257900,2000-07-06
600261,阳光照明,1452102900,1452102900,2000-07-20
600262,北方股份,170000000,170000000,2000-06-30
600265,ST景谷,129800000,129800000,2000-08-25
600266,北京城建,1567040000,1567040000,1999-02-03
600267,海正药业,965531799,965531799,2000-07-25
600268,国电南自,695265200,635246400,1999-11-18
600269,赣粤高速,2335407000,2335407000,2000-05-18
600270,外运发展,905481700,905481700,2000-12-28
600271,航天信息,1862514900,1846812000,2003-07-11
600272,开开实业,243000000,240000000,1997-01-08
600273,嘉化能源,1432730500,1413732600,2003-06-27
600275,ST昌鱼,508837200,508837200,2000-08-10
600276,恒瑞医药,3682077100,3661947900,2000-10-18
600277,亿利洁能,2738940100,2674005100,2000-07-25
600278,东方创业,522241700,522241700,2000-07-12
600279,重庆港九,692958600,692958600,2000-07-31
600280,中央商场,1148334900,1148334900,2000-09-26
600281,太化股份,514402000,514402000,2000-11-09
600282,南钢股份,4421037700,4421037700,2000-09-19
600283,钱江水利,352995800,352995800,2000-10-18
600284,浦东建设,970256000,970256000,2004-03-16
600285,羚锐制药,586449100,529562900,2000-10-18
600287,江苏舜天,436796100,436796100,2000-09-01
600288,大恒科技,436800000,436800000,2000-11-29
600289,*ST信通,631052100,565922700,2000-07-20
600290,华仪电气,759903500,526883700,2000-11-06
600291,西水股份,1093064400,978890800,2000-07-31
600292,远达环保,780816900,780816900,2000-11-01
600293,三峡新材,1162132000,516753900,2000-09-19
600295,鄂尔多斯,1032000000,1032000000,1995-10-20
600297,广汇汽车,8217632700,8144309700,2000-11-16
600298,安琪酵母,824080900,824080900,2000-08-18
600299,安迪苏,2681901300,2681901300,2000-04-20
600300,维维股份,1672000000,1672000000,2000-06-30
600301,ST南化,235148100,235148100,2000-07-12
600302,标准股份,346009800,346009800,2000-12-13
600303,曙光股份,675604200,620324300,2000-12-26
600305,恒顺醋业,783559400,783559400,2001-02-06
600306,商业城,178138900,177405700,2000-12-26
600307,酒钢宏兴,6263357400,6263357400,2000-12-20
600308,华泰股份,1167561400,1167561400,2000-09-28
600309,万华化学,2734012800,2734012800,2000-01-05
600310,桂东电力,827775000,827775000,2001-02-28
600311,荣华实业,665600000,665600000,2001-06-26
600312,平高电气,1356921300,1356921300,2001-02-21
600313,农发种业,1082198700,1019397100,2001-01-19
600315,上海家化,671713500,671248500,2001-03-15
600316,洪都航空,717114500,717114500,2000-12-15
600317,营口港,6472983000,6472983000,2002-01-31
600318,新力金融,484000000,484000000,2000-12-08
600319,亚星化学,315594000,315594000,2001-03-26
600320,振华重工,5268353500,5268353500,2000-12-21
600321,*ST正源,1510550000,1510550000,2001-05-24
600322,天房发展,1105700000,1105700000,2001-09-10
600323,瀚蓝环境,766264000,766264000,2000-12-25
600325,华发股份,2117953100,2104282100,2004-02-25
600326,西藏天路,865384500,865384500,2001-01-16
600327,大东方,737316300,737316300,2002-06-25
600328,兰太实业,438031100,438031100,2000-12-22
600329,中新药业,768873100,765868100,2001-06-06
600330,天通股份,996565700,996565700,2001-01-18
600331,宏达股份,2032000000,2032000000,2001-12-20
600332,白云山,1625790900,1291079300,2001-02-06
600333,长春燃气,609030700,529619800,2000-12-11
600335,国机汽车,1029736799,1029736799,2001-03-05
600336,澳柯玛,799183300,732337000,2000-12-29
600337,美克家居,1775052700,1728311200,2000-11-27
600338,西藏珠峰,653007300,653007300,2000-12-27
600339,中油工程,5583147500,1552180700,2000-12-25
600340,华夏幸福,3003251700,2954946700,2003-12-30
600343,航天动力,638206300,638206300,2003-04-08
600345,长江通信,198000000,198000000,2000-12-22
600346,恒力股份,5052789900,919359100,2001-08-20
600348,阳泉煤业,2405000000,2405000000,2003-08-21
600350,山东高速,4811165900,4811165900,2002-03-18
600351,亚宝药业,787041500,787041500,2002-09-26
600352,浙江龙盛,3253331900,3253331900,2003-08-01
600353,旭光股份,543720000,543720000,2002-11-20
600354,敦煌种业,527802100,527802100,2004-01-15
600355,精伦电子,492089200,492089200,2002-06-13
600356,恒丰纸业,298731400,298731400,2001-04-19
600358,国旅联合,504936700,432000000,2000-09-22
600359,新农开发,381512800,381512800,1999-04-29
600360,华微电子,751588000,738278000,2001-03-16
600361,华联综超,665807899,665807899,2001-11-29
600362,江西铜业,3462729400,3462729400,2002-01-11
600363,联创光电,443476800,443476800,2001-03-29
600365,通葡股份,400000000,400000000,2001-01-15
600366,宁波韵升,1002525200,988197200,2000-10-30
600367,红星发展,298045000,291200000,2001-03-20
600368,五洲交通,1125632100,1125632100,2000-12-21
600369,西南证券,5645109100,5645109100,2001-01-09
600370,三房巷,797244200,797244200,2003-03-06
600371,万向德农,225060000,225060000,2002-09-16
600372,中航电子,1759178400,1759178400,2001-07-06
600373,中文传媒,1377940000,1377940000,2002-03-04
600375,华菱星马,555740600,555740600,2003-04-01
600376,首开股份,2579565200,2545810000,2001-03-12
600377,宁沪高速,5037747500,5019981400,2001-01-16
600378,天科股份,297193300,297193300,2001-01-11
600379,宝光股份,235858300,235858300,2002-01-16
600380,健康元,1938033299,1937259300,2001-06-08
600381,青海春天,588075300,583171800,2001-05-08
600382,广东明珠,466824700,341746600,2001-01-18
600383,金地集团,4514583600,4514583600,2001-04-12
600385,山东金泰,148107100,142773800,2001-07-23
600386,北巴传媒,806400000,806400000,2001-02-16
600387,海越能源,472082500,385710000,2004-02-18
600388,龙净环保,1069050000,1069050000,2000-12-29
600389,江山股份,297000000,297000000,2001-01-10
600390,五矿资本,3748387900,513537699,2001-01-15
600391,航发科技,330129400,330129400,2001-12-12
600392,盛和资源,1755167100,1395617600,2003-05-29
600393,粤泰股份,2536247900,988205600,2001-03-19
600395,盘江股份,1655051900,1655051900,2001-05-31
600396,金山股份,1472706800,1164645200,2001-03-28
600397,*ST安煤,989959900,989959900,2002-07-02
600398,海澜之家,4492757900,4492757900,2000-12-28
600399,*ST抚钢,1300000000,1300000000,2000-12-29
600400,红豆股份,2533256900,2496357100,2001-01-08
600403,大有能源,2390812400,2390812400,2003-10-09
600405,动力源,562040400,553275400,2004-04-01
600406,国电南瑞,4583664100,2205753600,2003-10-16
600408,*ST安泰,1006800000,1006800000,2003-02-12
600409,三友化工,2064349400,2037322400,2003-06-18
600410,华胜天成,1102318400,1098743400,2004-04-27
600415,小商品城,5443214200,5443214200,2002-05-09
600416,湘电股份,945834299,881441600,2002-07-18
600418,江淮汽车,1893312100,1893312100,2001-08-24
600419,天润乳业,207114400,207114400,2001-06-28
600420,现代制药,1056226900,575466800,2004-06-16
600421,ST仰帆,195600000,195600000,2004-06-07
600422,昆药集团,764202000,760293000,2000-12-06
600423,*ST柳化,399347500,399347500,2003-07-17
600425,青松建化,1378790100,1378790100,2003-07-24
600426,华鲁恒升,1620363599,1614530000,2002-06-20
600428,中远海特,2146650799,1690446400,2002-04-18
600429,三元股份,1497557400,885000000,2003-09-15
600433,冠豪高新,1271315400,1271315400,2003-06-19
600435,北方导航,1489320000,1489320000,2003-07-04
600436,片仔癀,603317200,603317200,2003-06-16
600438,通威股份,3882372199,2782481400,2004-03-02
600439,瑞贝卡,1131985400,1131985400,2003-07-10
600444,国机通用,146421900,146421900,2004-02-19
600446,金证股份,853210500,835009500,2003-12-24
600448,华纺股份,524849700,514697400,2001-09-03
600449,宁夏建材,478181000,478181000,2003-08-29
600452,涪陵电力,224000000,224000000,2004-03-03
600455,博通股份,62458000,62458000,2004-03-29
600456,宝钛股份,430265700,430265700,2002-04-12
600458,时代新材,802798200,661422100,2002-12-19
600459,贵研铂业,339271100,339271100,2003-05-16
600460,士兰微,1312061600,1247168000,2003-03-11
600461,洪城水业,789593600,594000000,2004-06-01
600462,九有股份,533780000,533780000,2003-09-03
600463,空港股份,300000000,252000000,2004-03-18
600466,蓝光发展,2984108000,2973086100,2001-02-12
600467,好当家,1460994300,1460994300,2004-04-05
600468,百利电气,811113500,798431000,2001-06-15
600469,风神股份,562413200,562413200,2003-10-21
600470,六国化工,521600000,521600000,2004-03-05
600475,华光股份,559392200,140495500,2003-07-21
600476,湘邮科技,161070000,161070000,2003-12-10
600477,杭萧钢构,1790680000,1641934800,2003-11-10
600478,科力远,1469686700,1469686700,2003-09-18
600479,千金药业,418507100,418507100,2004-03-12
600480,凌云股份,455071000,450934200,2003-08-15
600481,双良节能,1635895799,1620495799,2003-04-22
600482,中国动力,1734070900,908903500,2004-07-14
600483,福能股份,1551825600,1258347300,2004-05-31
600485,信威集团,2923742800,1812549600,2003-08-07
600486,扬农化工,309898900,309898900,2002-04-25
600487,亨通光电,1903685799,1860325400,2003-08-22
600488,天药股份,1091886700,968716900,2001-06-18
600489,中金黄金,3451137199,3451137199,2003-08-14
600490,鹏欣资源,2111432600,1491369700,2003-06-26
600491,龙元建设,1529758000,947600000,2004-05-24
600493,凤竹纺织,272000000,272000000,2004-04-21
600495,晋西车轴,1208190900,1208190900,2004-05-26
600496,精工钢构,1810445200,1510445200,2002-06-05
600497,驰宏锌锗,5091291600,4309898200,2004-04-20
600498,烽火通信,1168700600,1102374600,2001-08-23
600499,科达洁能,1577205700,1411464300,2002-10-10
600500,中化国际,2083012700,2083012700,2000-03-01
600501,航天晨光,421283600,421283600,2001-06-15
600502,安徽水利,1721160300,910730000,2003-04-15
600503,华丽家族,1602290000,1602290000,2002-07-09
600505,西昌电力,364567500,364567500,2002-05-30
600506,香梨股份,147706900,147706900,2001-12-26
600507,方大特钢,1449871500,1326093000,2003-09-30
600508,上海能源,722718000,722718000,2001-08-29
600509,天富能源,1151415000,905696600,2002-02-28
600510,黑牡丹,1047095000,795522700,2002-06-18
600511,国药股份,764404400,277643400,2002-11-27
600512,腾达建设,1598902800,1537399400,2002-12-26
600513,联环药业,285456300,285456300,2003-03-19
600515,海航基础,3907592500,1658295400,2002-08-06
600516,方大炭素,1788794400,1753723400,2002-08-30
600517,置信电气,1356167800,1244522300,2003-10-10
600518,康美药业,4973861700,4403192000,2001-03-19
600519,贵州茅台,1256197800,1256197800,2001-08-27
600520,文一科技,158430000,158430000,2002-01-08
600521,华海药业,1250838600,1236473900,2003-03-04
600522,中天科技,3066072500,3066072500,2002-10-24
600523,贵航股份,404311300,404044600,2001-12-27
600525,长园集团,1324677200,1305775200,2002-12-02
600526,菲达环保,547404700,547404700,2002-07-22
600527,江南高纤,1443134100,1203134100,2003-11-27
600528,中铁工业,2221551600,1837748900,2001-05-28
600529,山东药玻,424977000,360332200,2002-06-03
600530,交大昂立,780000000,780000000,2001-07-02
600531,豫光金铅,1090242600,1090242600,2002-07-30
600532,宏达矿业,516065700,516065700,2002-10-31
600533,栖霞建设,1050000000,1050000000,2002-03-28
600535,天士力,1512666200,1512666200,2002-08-23
600536,中国软件,494562800,494562800,2002-05-17
600537,亿晶光电,1176359300,1176359300,2003-01-23
600538,国发股份,464401200,464401200,2003-01-14
600539,*ST狮头,230000000,230000000,2001-08-24
600540,新赛股份,470923300,470923300,2004-01-07
600543,莫高股份,321120000,321120000,2004-03-24
600545,卓郎智能,1895413000,675785800,2003-12-03
600546,山煤国际,1982456099,1982456099,2003-07-31
600547,山东黄金,2214008300,1808390200,2003-08-28
600548,深高速,2180770300,2180770300,2001-12-25
600549,厦门钨业,1413306300,1406046200,2002-11-07
600550,保变电气,1841528500,1534607100,2001-02-28
600551,时代出版,505825300,505825300,2002-09-05
600552,凯盛科技,763884000,763884000,2002-11-08
600555,海航创新,1303500000,1303500000,2001-03-28
600556,ST慧球,394793700,394793700,2001-08-07
600557,康缘药业,616449100,598531200,2002-09-18
600558,大西洋,897604800,897604800,2001-02-27
600559,老白干酒,666012400,613284200,2002-10-29
600560,金自天正,223645500,223645500,2002-09-19
600561,江西长运,237064000,237064000,2002-07-16
600562,国睿科技,622350700,601524100,2003-01-28
600563,法拉电子,225000000,225000000,2002-12-10
600565,迪马股份,2404619800,2368776300,2002-07-23
600566,济川药业,814817200,814817200,2001-08-22
600567,山鹰纸业,4570655800,4570655800,2001-12-18
600568,中珠医疗,1992869700,1669067300,2001-05-18
600569,安阳钢铁,2393684500,2393684500,2001-08-20
600570,恒生电子,617805200,617805200,2003-12-16
600571,信雅达,439679200,431111100,2002-11-01
600572,康恩贝,2667320200,2503988100,2004-04-12
600573,惠泉啤酒,250000000,250000000,2003-02-26
600575,皖江物流,3886261100,3125132100,2003-03-28
600576,祥源文化,648300000,525878000,2003-02-20
600577,精达股份,1955324200,1955324200,2002-09-11
600578,京能电力,6746734500,5335024300,2002-05-10
600579,天华院,410636000,410636000,2002-08-09
600580,卧龙电气,1293409600,1110527200,2002-06-06
600581,八一钢铁,1532897900,1532897900,2002-08-16
600582,天地科技,4138588900,4138588900,2002-05-15
600583,海油工程,4421354800,4421354800,2002-02-05
600584,长电科技,1602874600,1035914800,2003-06-03
600585,海螺水泥,5299302600,5299302600,2002-02-07
600586,金晶科技,1458302100,1444135700,2002-08-15
600587,新华医疗,406428100,403466700,2002-09-27
600588,用友网络,1915904500,1899795600,2001-05-18
600589,广东榕泰,705305800,661576100,2001-06-12
600590,泰豪科技,866298800,819365600,2002-07-03
600592,龙溪股份,399553600,399553600,2002-08-05
600593,大连圣亚,128800000,128800000,2002-07-11
600594,益佰制药,791927400,791927400,2004-03-23
600595,中孚实业,1961224100,1741540400,2002-06-26
600596,新安股份,705914600,687020600,2001-09-06
600597,光明乳业,1224487500,1224302000,2002-08-28
600598,北大荒,1777679900,1777679900,2002-03-29
600599,熊猫金控,166000000,166000000,2001-08-28
600600,青岛啤酒,1350982800,1350982800,1993-08-27
600601,方正科技,2194891200,2194891200,1990-12-19
600602,云赛智联,1367673500,1326835100,1990-12-19
600603,广汇物流,1253524800,504060199,1992-01-13
600604,市北高新,1873304800,1800034700,1992-03-27
600605,汇通能源,147344600,147344600,1992-03-27
600606,绿地控股,12168154400,12168154400,1992-03-27
600608,ST沪科,328861400,318371400,1992-03-27
600609,金杯汽车,1092667100,1092667100,1992-07-24
600610,*ST毅达,1071274600,735934600,1992-08-05
600611,大众交通,2364122900,2364122900,1992-08-07
600612,老凤祥,523117800,523117800,1992-08-14
600613,神奇制药,534071600,534071600,1992-08-20
600614,鹏起科技,1752773800,1732750200,1992-08-28
600615,丰华股份,188020500,187624500,1992-09-10
600616,金枫酒业,514619200,514619200,1992-09-29
600617,国新能源,1084663700,1084663700,1992-10-13
600618,氯碱化工,1156400000,1156400000,1992-11-13
600619,海立股份,866310700,866310700,1992-11-13
600620,天宸股份,686677100,686677100,1992-11-17
600621,华鑫股份,1060899299,535250000,1992-12-02
600622,光大嘉宝,1153604200,869173400,1992-12-03
600623,华谊集团,2117430900,2117430900,1992-12-04
600624,复旦复华,684712000,684712000,1993-01-05
600626,申达股份,710242800,710242800,1993-01-07
600628,新世界,646875400,531799300,1993-01-09
600629,华建集团,432208100,372873700,1993-02-09
600630,龙头股份,424861600,424861600,1993-02-09
600633,浙数文化,1301924000,1290268900,1993-03-04
600634,*ST富控,575732100,575732100,1993-03-04
600635,大众公用,2952434699,2952434699,1993-03-04
600636,三爱富,446941900,446941900,1993-03-16
600637,东方明珠,3433628000,3414500200,1993-03-16
600638,新黄浦,673396799,673396799,1993-03-26
600639,浦东金桥,1122412900,1122412900,1993-03-26
600640,号百控股,795695900,589399700,1993-04-07
600641,万业企业,806158700,806158700,1993-04-07
600642,申能股份,4552038300,4552038300,1993-04-16
600643,爱建集团,1621922500,1434058599,1993-04-26
600644,乐山电力,538400700,538400700,1993-04-26
600645,中源协和,440161100,383774600,1993-05-04
600647,同达创业,139143600,139143600,1993-05-04
600648,外高桥,1135349100,1135349100,1993-05-04
600649,城投控股,2529575600,2420792200,1993-05-18
600650,锦江投资,551610100,551610100,1993-06-07
600651,飞乐音响,988922300,985220000,1986-09-26
600652,游久游戏,832703500,832703500,1990-12-19
600653,申华控股,1946380300,1746380300,1990-12-19
600654,ST中安,1283021000,755043200,1990-12-19
600655,豫园股份,3881063900,1437322000,1992-09-02
600657,信达地产,2851878600,1524260400,1993-05-24
600658,电子城,1118585000,1118585000,1993-05-24
600660,福耀玻璃,2508617500,2508617500,1993-06-10
600661,昂立教育,286548800,259076500,1993-06-14
600662,强生控股,1053362200,1053362200,1993-06-14
600663,陆家嘴,3361831200,3361831200,1993-06-28
600664,哈药股份,2544953300,2506955100,1993-06-29
600665,天地源,864122500,864122500,1993-07-09
600666,奥瑞德,1227326200,803655500,1993-07-12
600667,太极实业,2106190200,1191274300,1993-07-28
600668,尖峰集团,344083800,344083800,1993-07-28
600671,天目药业,121778900,121720500,1993-08-23
600673,东阳光科,3013897300,2458926300,1993-09-17
600674,川投能源,4402140500,4402140500,1993-09-24
600675,中华企业,5080112700,1867059400,1993-09-24
600676,交运股份,1028492899,962045300,1993-09-28
600677,航天通信,521791700,416428100,1993-09-28
600678,四川金顶,348990000,348990000,1993-10-08
600679,上海凤凰,402198900,402198900,1993-10-08
600681,百川能源,1031513800,347662800,1993-10-18
600682,南京新百,1292713400,973080100,1993-10-18
600683,京投发展,740777600,740777600,1993-10-25
600684,珠江实业,853460700,853460700,1993-10-28
600685,中船防务,1413506400,1413506400,1993-10-28
600686,金龙汽车,606738500,606738500,1993-11-08
600687,刚泰控股,1488715300,1078539400,1993-11-08
600688,上海石化,10823813500,10823813500,1993-11-08
600689,上海三毛,200991300,200991300,1993-11-08
600690,青岛海尔,6368416700,6368416700,1993-11-19
600691,阳煤化工,1756786900,1756390900,1993-11-19
600692,亚通股份,351764100,255010500,1993-11-19
600693,东百集团,898229100,897247600,1993-11-22
600694,大商股份,293718700,293718700,1993-11-22
600695,绿庭投资,711132100,711132100,1993-11-22
600696,ST岩石,340565600,340565600,1993-12-06
600697,欧亚集团,159088100,155156000,1993-12-06
600698,湖南天雁,971817400,967113900,1993-12-06
600699,均胜电子,949289000,949289000,1993-12-06
600701,*ST工新,1034735200,775878500,1996-05-28
600702,舍得酒业,337300000,337300000,1996-05-24
600703,三安光电,4078424900,4078424900,1996-05-28
600704,物产中大,4306682400,4306682400,1996-06-06
600705,中航资本,8976325800,8976325800,1996-05-16
600706,曲江文旅,179509700,177908700,1996-05-16
600707,彩虹股份,3588389699,1287966500,1996-05-20
600708,光明地产,2228636700,2225277800,1996-06-06
600710,苏美达,1306749400,640284000,1996-07-01
600711,盛屯矿业,1830742200,1497052300,1996-05-31
600712,南宁百货,544655400,537959500,1996-06-26
600713,南京医药,1041611200,897425600,1996-07-01
600714,金瑞矿业,288176300,288176300,1996-06-06
600715,文投控股,1854853500,1284199600,1996-07-01
600716,凤凰股份,936060600,910220800,1996-07-02
600717,天津港,1674769100,1674769100,1996-06-14
600718,东软集团,1242370300,1242370300,1996-06-18
600719,大连热电,404599600,404599600,1996-07-16
600720,祁连山,776290300,776162700,1996-07-16
600721,百花村,400386400,305153700,1996-06-26
600722,金牛化工,680319700,680319700,1996-06-26
600723,首商股份,658407600,658069600,1996-07-16
600724,宁波富达,1445241099,1444942700,1996-07-16
600725,ST云维,1232470000,1232470000,1996-07-02
600726,华电能源,1966675200,1966675200,1996-07-01
600727,鲁北化工,350986600,350926600,1996-07-02
600728,佳都科技,1618789900,1383788000,1996-07-16
600729,重庆百货,406528500,406426500,1996-07-02
600730,中国高科,586656000,586656000,1996-07-26
600731,湖南海利,355222699,326653100,1996-08-02
600732,ST新梅,446383100,446383100,1996-08-16
600733,北汽蓝谷,3355349099,396900000,1996-08-16
600734,实达集团,623515800,354684000,1996-08-08
600735,新华锦,375992300,375992300,1996-07-26
600736,苏州高新,1151292900,1151292900,1996-08-15
600737,中粮糖业,2051876200,2051876200,1996-07-31
600738,兰州民百,783095399,421258399,1996-08-02
600739,辽宁成大,1529709800,1529709800,1996-08-19
600740,山西焦化,1432168599,656832800,1996-08-08
600741,华域汽车,3152724000,2866509099,1996-08-26
600742,一汽富维,507656200,507656200,1996-08-26
600743,华远地产,2346100900,2346100900,1996-09-09
600744,华银电力,1781124300,827634400,1996-09-05
600745,闻泰科技,637266400,637266400,1996-08-28
600746,江苏索普,306421500,304660900,1996-09-18
600747,ST大控,1464328400,1064328400,1996-09-16
600748,上实发展,1844562900,1408382100,1996-09-25
600749,*ST藏旅,226965500,189137900,1996-10-15
600750,江中药业,420000000,420000000,1996-09-23
600751,海航科技,2899337800,2899337800,1996-09-09
600753,东方银星,128000000,128000000,1996-09-27
600754,锦江股份,957936400,804517700,1996-10-11
600755,厦门国贸,1816272500,1816272500,1996-10-03
600756,浪潮软件,324098800,324098800,1996-09-23
600757,长江传媒,1213650300,1213497100,1996-10-03
600758,红阳能源,1331408900,676341400,1996-10-29
600759,洲际油气,2263507500,2258184000,1996-10-08
600760,中航沈飞,1400389300,398522100,1996-10-11
600761,安徽合力,740180800,740180800,1996-10-09
600763,通策医疗,320640000,320640000,1996-10-30
600764,中国海防,395767500,329727000,1996-11-04
600765,中航重机,778003200,778003200,1996-11-06
600766,园城黄金,224226800,223932100,1996-10-28
600767,ST运盛,341010199,340910199,1996-11-15
600768,宁波富邦,133747200,133747200,1996-11-11
600769,祥龙电业,374977200,374977200,1996-11-01
600770,综艺股份,1300000000,1300000000,1996-11-20
600771,广誉远,352879000,302305200,1996-11-05
600773,西藏城投,819660700,729213700,1996-11-08
600774,汉商集团,226948000,226757700,1996-11-08
600775,南京熊猫,913838500,913838500,1996-11-18
600776,东方通信,1256000100,1256000100,1996-11-26
600777,新潮能源,6800495800,3268115900,1996-11-21
600778,*ST友好,311491400,311086700,1996-12-03
600779,水井坊,488545700,488545700,1996-12-06
600780,通宝能源,1146502500,1146502500,1996-12-05
600781,辅仁药业,627157500,177592900,1996-12-18
600782,新钢股份,3188722700,3188722700,1996-12-25
600783,鲁信创投,744359299,744359299,1996-12-25
600784,鲁银投资,568177800,568177800,1996-12-25
600785,新华百货,225631300,225631300,1997-01-08
600787,中储股份,2199801000,2199801000,1997-01-21
600789,鲁抗医药,677099800,581575500,1997-02-26
600790,轻纺城,1465790900,1465790900,1997-02-28
600791,京能置业,452880000,452313700,1997-01-30
600792,云煤能源,989923600,989923600,1997-01-23
600793,宜宾纸业,105300000,105300000,1997-02-20
600794,保税科技,1212152200,1191574200,1997-03-06
600795,国电电力,19650397800,19650397800,1997-03-18
600796,钱江生化,301402100,301402100,1997-04-08
600797,浙大网新,1055218700,941114400,1997-04-18
600798,宁波海运,1030850900,1030850900,1997-04-23
600800,天津磁卡,611271000,610956000,1993-12-06
600801,华新水泥,1497571300,1497571300,1994-01-03
600802,福建水泥,381873700,381873700,1994-01-03
600803,新奥股份,1229355800,1229355800,1994-01-03
600804,鹏博士,1432456500,1432357900,1994-01-03
600805,悦达投资,850894500,850275399,1994-01-03
600807,*ST天业,884634700,787018500,1994-01-03
600808,马钢股份,7700681200,7700681200,1994-01-06
600809,山西汾酒,865848300,865848300,1994-01-06
600810,神马股份,442280000,442280000,1994-01-06
600811,东方集团,3714576100,3273473300,1994-01-06
600812,华北制药,1630804700,1630804700,1994-01-14
600814,杭州解百,715026799,715026799,1994-01-14
600815,厦工股份,958970000,958970000,1994-01-28
600816,安信信托,5469137900,4672509100,1994-01-28
600817,ST宏盛,160910100,155679100,1994-01-28
600818,中路股份,321447900,321447900,1994-01-28
600819,耀皮玻璃,934916100,934916100,1994-01-28
600820,隧道股份,3144096100,3144096100,1994-01-28
600821,津劝业,416268200,416268200,1994-01-28
600822,上海物贸,495972900,495972900,1994-02-04
600823,世茂股份,3751168300,3751168300,1994-02-04
600824,益民集团,1054027100,1054027100,1994-02-04
600825,新华传媒,1044887899,1044887899,1994-02-04
600826,兰生股份,420642300,420642300,1994-02-04
600827,百联股份,1784168100,1722495799,1994-02-04
600828,茂业商业,1731982500,649051600,1994-02-24
600829,人民同泰,579888600,579888600,1994-02-24
600830,香溢融通,454322699,454322699,1994-02-24
600831,广电网络,604967700,563438500,1994-02-24
600833,第一医药,223086300,223086300,1994-02-24
600834,申通地铁,477381900,477381900,1994-02-24
600835,上海机电,1022739299,1022739299,1994-02-24
600836,界龙实业,662753100,662753100,1994-02-24
600837,海通证券,11501700000,11501700000,1994-02-24
600838,上海九百,400882000,400882000,1994-02-24
600839,四川长虹,4616244200,4614290600,1994-03-11
600841,上柴股份,866689800,866689800,1994-03-11
600843,上工申贝,548589600,548589600,1994-03-11
600844,丹化科技,1016524200,1016524200,1994-03-11
600845,宝信软件,877307899,869629800,1994-03-11
600846,同济科技,624761500,624761500,1994-03-11
600847,万里股份,153287400,153287400,1994-03-24
600848,上海临港,1119919300,895172100,1994-03-24
600850,华东电脑,423340100,423340100,1994-03-24
600851,海欣股份,1207056700,1207056700,1994-04-04
600853,龙建股份,644167700,536807699,1994-04-04
600854,春兰股份,519458500,519458500,1994-04-25
600855,航天长峰,352031300,330164400,1994-04-25
600856,中天能源,1366654400,1343422100,1994-04-25
600857,宁波中百,224319900,224319900,1994-04-25
600858,银座股份,520066600,517548000,1994-05-06
600859,王府井,776250399,305208200,1994-05-06
600860,京城股份,422000000,422000000,1994-05-06
600861,北京城乡,316804900,316804900,1994-05-20
600862,中航高科,1393049100,1393049100,1994-05-20
600863,内蒙华电,5807818000,5807818000,1994-05-20
600864,哈投股份,2108513800,1578317400,1994-08-09
600865,百大集团,376240300,376240300,1994-08-09
600866,星湖科技,645393500,645393500,1994-08-18
600867,通化东宝,2033988500,1953741700,1994-08-24
600868,梅雁吉祥,1898148700,1898148700,1994-09-12
600869,智慧能源,2219352700,2178191800,1995-02-06
600870,*ST厦华,523199700,523199700,1995-02-28
600871,*ST油服,18984340000,17457622500,1995-04-11
600872,中炬高新,796637200,796637200,1995-01-24
600873,梅花生物,3108175000,3073691700,1995-02-17
600874,创业环保,1427228400,1427228400,1995-06-30
600875,东方电气,3090803400,2336900400,1995-10-10
600876,洛阳玻璃,559797400,511766900,1995-10-31
600877,ST嘉陵,687282000,687282000,1995-10-13
600879,航天电子,2719271300,2413332500,1995-11-15
600880,博瑞传播,1093332100,733365100,1995-11-15
600881,亚泰集团,3248913600,3223381700,1995-11-15
600882,广泽股份,409762000,402958000,1995-12-06
600883,博闻科技,236088000,236088000,1995-12-08
600884,杉杉股份,1122765000,821716500,1996-01-30
600885,宏发股份,744761600,744761600,1996-02-05
600886,国投电力,6786023300,6786023300,1996-01-18
600887,伊利股份,6078127600,6033369200,1996-03-12
600888,新疆众和,861802000,833593600,1996-02-15
600889,南京化纤,366346000,307069300,1996-03-08
600890,中房股份,579194900,579194900,1996-03-18
600891,秋林集团,617585800,384055100,1996-03-25
600892,大晟文化,559464200,251597500,1996-03-15
600893,航发动力,2249844500,1947726600,1996-04-08
600894,广日股份,859946900,859946900,1996-03-28
600895,张江高科,1548689600,1548689600,1996-04-22
600896,*ST海投,869099100,577128300,1996-05-03
600897,厦门空港,297810000,297810000,1996-05-31
600898,国美通讯,252523800,252523800,1996-04-18
600900,长江电力,22000000000,11505941500,2003-11-18
600901,江苏租赁,2986650000,639999700,2018-03-01
600903,贵州燃气,812989299,451230800,2017-11-07
600908,无锡银行,1848171400,804387200,2016-09-23
600909,华安证券,3621000000,2702000000,2016-12-06
600917,重庆燃气,1556000000,1556000000,2014-09-30
600919,江苏银行,11544450000,6008226400,2016-08-02
600926,杭州银行,5130200400,2081648299,2016-10-27
600929,湖南盐业,917751100,150000000,2018-03-26
600933,爱柯迪,850380000,238117300,2017-11-17
600936,广西广电,1671026200,1195983300,2016-08-15
600939,重庆建工,1814500000,409575600,2017-02-21
600958,东方证券,6993655800,6215452000,2015-03-23
600959,江苏有线,3884529800,3884529800,2015-04-28
600960,渤海汽车,950515500,680128600,2004-04-07
600961,株冶集团,527457900,527457900,2004-08-30
600962,国投中鲁,262210000,254020000,2004-06-22
600963,岳阳林纸,1397733100,1043159100,2004-05-25
600965,福成股份,818701000,818701000,2004-07-13
600966,博汇纸业,1336844300,1336844300,2004-06-08
600967,内蒙一机,1689631800,960498200,2004-05-18
600969,郴电国际,370050500,370050500,2004-04-08
600970,中材国际,1739573900,1737054400,2005-04-12
600971,恒源煤电,1000004100,1000004100,2004-08-17
600973,宝胜股份,1222112500,895041300,2004-08-02
600975,新五丰,652675600,652675600,2004-06-09
600976,健民集团,153398600,153298600,2004-04-19
600977,中国电影,1867000000,565000000,2016-08-09
600978,宜华生活,1482870000,1482870000,2004-08-24
600979,广安爱众,947892100,717892100,2004-09-06
600980,北矿科技,152209900,152209900,2004-05-12
600981,汇鸿集团,2242433200,730852200,2004-06-30
600982,宁波热电,746930000,746930000,2004-07-06
600983,惠而浦,766439000,532800000,2004-07-27
600984,建设机械,827793500,786115500,2004-07-07
600985,淮北矿业,2112381000,262854700,2004-04-28
600986,科达股份,1325573800,1271847900,2004-04-26
600987,航民股份,635310000,635310000,2004-08-09
600988,赤峰黄金,1426381500,1426381500,2004-04-14
600990,四创电子,159179100,136702000,2004-05-10
600992,贵绳股份,245090000,245090000,2004-05-14
600993,马应龙,431053900,430236300,2004-05-17
600995,文山电力,478526400,478526400,2004-06-15
600996,贵广网络,1042568400,297987300,-
600997,开滦股份,1587799900,1234640000,2004-06-02
600998,九州通,1877663599,1660039700,2010-11-02
600999,招商证券,6699409300,5884100699,2009-11-17
601000,唐山港,5925928600,5573846000,2010-07-05
601001,大同煤业,1673700000,1673700000,2006-06-23
601002,晋亿实业,792690000,792690000,2007-01-26
601003,柳钢股份,2562793200,2562793200,2007-02-27
601005,重庆钢铁,8918602300,8918602300,2007-02-28
601006,大秦铁路,14866791500,14866791500,2006-08-01
601007,金陵饭店,300000000,300000000,2007-04-06
601008,连云港,1015215100,1015215100,2007-04-26
601009,南京银行,8482207900,8482207900,2007-07-19
601010,文峰股份,1848000000,1848000000,2011-06-03
601011,宝泰隆,1610979600,1599220200,2011-03-09
601012,隆基股份,2790782800,2771206599,2012-04-11
601015,陕西黑猫,1253684200,1122105300,2014-11-05
601016,节能风电,4155560000,4155560000,2014-09-29
601018,宁波港,13172847800,12800000000,2010-09-28
601019,山东出版,2086900000,426900000,2017-11-22
601020,华钰矿业,525916300,284181000,2016-03-16
601021,春秋航空,916897700,800145000,2015-01-21
601028,玉龙股份,783025800,783025800,2011-11-07
601038,一拖股份,985850000,985850000,2012-08-08
601058,赛轮轮胎,2701460700,2260519200,2011-06-30
601066,中信建投,7646385200,1661023800,2018-06-20
601068,中铝国际,2959066700,695382700,2018-08-31
601069,西部黄金,636000000,636000000,2015-01-22
601086,国芳集团,666000000,166000000,2017-09-29
601088,中国神华,19889620500,19889620500,2007-10-09
601098,中南传媒,1796000000,1796000000,2010-10-28
601099,太平洋,6816316400,6478816400,2007-12-28
601100,恒立液压,882000000,882000000,2011-10-28
601101,昊华能源,1199998300,1199998300,2010-03-31
601106,中国一重,6857782900,6538000000,2010-02-09
601107,四川成渝,3058060000,3058060000,2009-07-27
601108,财通证券,3589000000,2406692600,2017-10-24
601111,中国国航,14524815200,14011336399,2006-08-18
601113,华鼎股份,1113828500,833050000,2011-05-09
601116,三江购物,547678400,410758800,2011-03-02
601117,中国化学,4933000000,4933000000,2010-01-07
601118,海南橡胶,4279427800,3931171599,2011-01-07
601126,四方股份,813172000,813172000,2010-12-31
601127,小康股份,939845600,215565600,2016-06-15
601128,常熟银行,2222789200,997250200,2016-09-30
601137,博威合金,627219700,563928600,2011-01-27
601138,工业富联,19695300200,1117889700,2018-06-08
601139,深圳燃气,2877800100,2854679099,2009-12-25
601155,新城控股,2256724200,2245984200,2015-12-04
601158,重庆水务,4800000000,4800000000,2010-03-29
601162,天风证券,5180000000,518000000,2018-10-19
601163,三角轮胎,800000000,280442800,2016-09-09
601166,兴业银行,20774190800,19052336800,2007-02-05
601168,西部矿业,2383000000,2383000000,2007-07-12
601169,北京银行,21142984300,18248010800,2007-09-19
601177,杭齿前进,400060000,400060000,2010-10-11
601179,中国西电,5125882400,5125882400,2010-01-28
601186,中国铁建,13579541500,13579541500,2008-03-10
601188,龙江交通,1315878599,1315878599,2010-03-19
601198,东兴证券,2757960700,2757960700,2015-02-26
601199,江南水务,935206600,935206600,2011-03-17
601200,上海环境,702543900,672331300,2017-03-31
601208,东材科技,626601000,626601000,2011-05-20
601211,国泰君安,8713940500,8713940500,2015-06-26
601212,白银有色,6972965900,1964675100,2017-02-15
601216,君正集团,8438017400,8438017400,2011-02-22
601218,吉鑫科技,991760000,991760000,2011-05-06
601222,林洋能源,1765410500,1748869500,2011-08-08
601225,陕西煤业,10000000000,10000000000,2014-01-28
601226,华电重工,1155000000,1155000000,2014-12-11
601228,广州港,6193180000,1443180000,2017-03-29
601229,上海银行,10928099000,5195577400,2016-11-16
601231,环旭电子,2175923600,2175923600,2012-02-20
601233,桐昆股份,1821933000,1784366000,2011-05-18
601238,广汽集团,10231173100,9176426800,2012-03-29
601258,庞大集团,6674663400,6538478400,2011-04-28
601288,农业银行,349983033900,324794117000,2010-07-15
601311,骆驼股份,848397800,848397800,2011-06-02
601318,中国平安,18280241400,18280241400,2007-03-01
601319,中国人保,44223990599,9737474000,2018-11-16
601326,秦港股份,5587412000,2483097800,2017-08-16
601328,交通银行,74262726600,74262726600,2007-05-15
601330,绿色动力,1161200000,520559800,2018-06-11
601333,广深铁路,7083537000,7083537000,2006-12-22
601336,新华保险,3119546599,3119546599,2011-12-16
601339,百隆东方,1500000000,1500000000,2012-06-12
601360,三六零,6764055200,397182400,2012-01-16
601366,利群股份,860500500,475028200,2017-04-12
601368,绿城水务,735810900,735810900,2015-06-12
601369,陕鼓动力,1638770200,1638770200,2010-04-28
601375,中原证券,3869070700,2998107700,2017-01-03
601377,兴业证券,6696671700,6696671700,2010-10-13
601388,怡球资源,2025400000,2025400000,2012-04-23
601390,中国中铁,22844301500,22844301500,2007-12-03
601398,工商银行,356406257100,356406257100,2006-10-27
601500,通用股份,726919100,174919100,2016-09-19
601515,东风股份,1112000000,1112000000,2012-02-16
601518,吉林高速,1350395100,1213200000,2010-03-19
601519,大智慧,1987700000,1987700000,2011-01-28
601555,东吴证券,3000000000,2891000000,2011-12-12
601558,ST锐电,6030600000,5707200000,2011-01-13
601566,九牧王,574637200,574637200,2011-05-30
601567,三星医疗,1417997500,1417997500,2011-06-15
601577,长沙银行,3421553800,342155400,2018-09-26
601579,会稽山,497360000,400000000,2014-08-25
601588,北辰实业,3367020000,3367020000,2006-10-16
601595,上海电影,373500000,106045300,2016-08-17
601599,鹿港文化,892725000,892725000,2011-05-27
601600,中国铝业,14903798200,14903798200,2007-04-30
601601,中国太保,9062000000,9062000000,2007-12-25
601606,长城军工,724228400,148000000,2018-08-06
601607,上海医药,2842089300,2842007700,1994-03-24
601608,中信重工,4339419300,4339419300,2012-07-06
601611,中国核建,2625000000,961800000,2016-06-06
601616,广电电气,935575000,935575000,2011-02-01
601618,中国中冶,20723619200,20723619200,2009-09-21
601619,嘉泽新能,1933000000,503754700,2017-07-20
601628,中国人寿,28264705000,28264705000,2007-01-09
601633,长城汽车,9127269000,9127269000,2011-09-28
601636,旗滨集团,2688359900,2603869300,2011-08-12
601666,平煤股份,2361165000,2361165000,2006-11-23
601668,中国建筑,41985174500,41624384600,2009-07-29
601669,中国电建,15299035000,11144401500,2011-10-18
601677,明泰铝业,589876400,574621400,2011-09-19
601678,滨化股份,1544400000,1544400000,2010-02-23
601688,华泰证券,8251500000,7162768800,2010-02-26
601689,拓普集团,727577800,244656100,2015-03-19
601699,潞安环能,2991409200,2991409200,2006-09-22
601700,风范股份,1133232000,1133232000,2011-01-18
601717,郑煤机,1732471400,1726359600,2010-08-03
601718,际华集团,4391629400,4391629400,2010-08-16
601727,上海电气,14725180700,12963026800,2008-12-05
601766,中国中车,28698864100,27288758300,2008-08-18
601777,力帆股份,1313757600,1264095000,2010-11-25
601788,光大证券,4610787600,4610787600,2009-08-18
601789,宁波建工,976080000,976080000,2011-08-16
601798,*ST蓝科,354528200,354528200,2011-06-22
601799,星宇股份,276155200,276155200,2011-02-01
601800,中国交建,16174735400,16174735400,2012-03-09
601801,皖新传媒,1989204700,1989204700,2010-01-18
601808,中海油服,4771592000,4771592000,2007-09-28
601811,新华文轩,1233841000,641031500,2016-08-08
601818,光大银行,52489264600,52489264600,2010-08-18
601828,美凯龙,3550000000,988896000,2018-01-17
601838,成都银行,3612251300,361225100,2018-01-31
601857,中国石油,183020977800,183020977800,2007-11-05
601858,中国科传,790500000,190500000,2017-01-18
601866,中远海发,11683125000,11683125000,2007-12-12
601869,长飞光纤,757905100,427357300,2018-07-20
601872,招商轮船,6066612700,4720921800,2006-12-01
601877,正泰电器,2151408500,1737183900,2010-01-21
601878,浙商证券,3333333400,1208508200,2017-06-26
601880,大连港,12894536000,12894536000,2010-12-06
601881,中国银河,10137258800,4919515500,2017-01-23
601882,海天精工,522000000,125940000,2016-11-07
601886,江河集团,1154050000,1154050000,2011-08-18
601888,中国国旅,1952475500,1952475500,2009-10-15
601890,亚星锚链,959400000,959400000,2010-12-28
601898,中煤能源,13258663400,13258663400,2008-02-01
601899,紫金矿业,23031218900,22612665800,2008-04-25
601900,南方传媒,895876600,245950000,2016-02-15
601901,方正证券,8232101400,8232101400,2011-08-10
601908,京运通,1995297700,1993017700,2011-09-08
601918,新集能源,2590541800,2590541800,2007-12-19
601919,中远海控,10216274400,10216274400,2007-06-26
601928,凤凰传媒,2544900000,2544900000,2011-11-30
601929,吉视传媒,3110879500,3110879500,2012-02-23
601933,永辉超市,9570462100,7968291300,2010-12-15
601939,建设银行,250010977500,250010977500,2007-09-25
601949,中国出版,1822500000,401005500,2017-08-21
601952,苏垦农发,1378000000,409303600,2017-05-15
601958,金钼股份,3226604400,3226604400,2008-04-17
601965,中国汽研,970132400,961179900,2012-06-11
601966,玲珑轮胎,1200003000,394403000,2016-07-06
601968,宝钢包装,833333300,833333300,2015-06-11
601969,海南矿业,1954720300,1954720300,2014-12-09
601985,中国核电,15565430000,15565430000,2015-06-10
601988,中国银行,294387791200,294387791200,2006-07-05
601989,中国重工,22879793200,18361665100,2009-12-16
601990,南京证券,2749019500,275020000,2018-06-13
601991,大唐发电,18506710500,16104981399,2006-12-20
601992,金隅集团,10677771100,10672923100,2011-03-01
601996,丰林集团,1149480800,944984000,2011-09-29
601997,贵阳银行,2298591900,1238965100,2016-08-16
601998,中信银行,48934796600,46787327000,2007-04-27
601999,出版传媒,550914700,550914700,2007-12-21
603000,人民网,1105691100,1105691100,2012-04-27
603001,奥康国际,400980000,400980000,2012-04-26
603002,宏昌电子,614411700,609998200,2012-05-18
603003,龙宇燃油,416532400,416532400,2012-08-17
603005,晶方科技,234192000,174631200,2014-02-10
603006,联明股份,192324600,70968600,2014-06-30
603007,花王股份,341077000,194362000,2016-08-26
603008,喜临门,394857800,319560000,2012-07-17
603009,北特科技,359114700,320665100,2014-07-18
603010,万盛股份,253073100,220000000,2014-10-10
603011,合锻智能,453159800,412247000,2014-11-07
603012,创力集团,636560000,636560000,2015-03-20
603013,亚普股份,510000000,60000000,2018-05-09
603015,弘讯科技,407200000,401901000,2015-03-03
603016,新宏泰,148160000,70460000,2016-07-01
603017,中衡设计,275178700,275114700,2014-12-31
603018,中设集团,313797500,308881200,2014-10-13
603019,中科曙光,643024000,643024000,2014-11-06
603020,爱普股份,320000000,320000000,2015-03-25
603021,山东华鹏,319948100,315575900,2015-04-23
603022,新通联,200000000,200000000,2015-05-18
603023,威帝股份,360000000,360000000,2015-05-27
603025,大豪科技,921890700,909862800,2015-04-22
603026,石大胜华,202680000,202680000,2015-05-29
603027,千禾味业,326200000,134961800,2016-03-07
603028,赛福天,220800000,115568700,2016-03-31
603029,天鹅股份,93340000,36525500,2016-04-27
603030,全筑股份,538404300,533979600,2015-03-20
603031,安德利,112000000,55862000,2016-08-22
603032,德新交运,160008000,78408000,2017-01-05
603033,三维股份,126980000,55300000,2016-12-07
603035,常熟汽饰,280000000,172214400,2017-01-05
603036,如通股份,203360000,50840000,2016-12-09
603037,凯众股份,105922700,61657700,2017-01-20
603038,华立股份,93998799,37596600,2017-01-16
603039,泛微网络,102519500,39900800,2017-01-13
603040,新坐标,79507100,31761200,2017-02-09
603041,美思德,100948000,46525000,2017-03-30
603042,华脉科技,138670000,101028600,2017-06-02
603043,广州酒家,403996200,125507200,2017-06-27
603045,福达合金,98300000,24580000,2018-05-17
603050,科林电气,162245500,80314500,2017-04-14
603055,台华新材,547600000,100775600,2017-09-21
603056,德邦股份,960000000,100000000,2018-01-16
603058,永吉股份,423510000,228066000,2016-12-23
603059,倍加洁,80000000,20000000,2018-03-02
603060,国检集团,220000000,63827500,2016-11-09
603063,禾望电气,420000000,255300000,2017-07-28
603066,音飞储存,302341700,165702900,2015-06-11
603067,振华股份,308000000,155609300,2016-09-13
603069,海汽集团,316000000,173800000,2016-07-12
603076,乐惠国际,74500000,26849200,2017-11-13
603077,和邦生物,8831250200,8831250200,2012-07-31
603078,江化微,84000000,47876899,2017-04-10
603079,圣达生物,112000000,36511600,2017-08-23
603080,新疆火炬,141500000,35500000,2018-01-03
603081,大丰实业,401800000,77726300,2017-04-20
603083,剑桥科技,128780000,55251100,2017-11-10
603085,天成自控,290986100,147487500,2015-06-30
603086,先达股份,112000000,72513700,2017-05-11
603088,宁波精达,112000000,112000000,2014-11-11
603089,正裕工业,106670000,31454899,2017-01-26
603090,宏盛股份,100000000,40681300,2016-08-31
603096,新经典,135308000,53918000,2017-04-25
603098,森特股份,480012000,75012000,2016-12-16
603099,长白山,266670000,266670000,2014-08-22
603100,川仪股份,395000000,258625099,2014-08-05
603101,汇嘉时代,240000000,72000000,2016-05-06
603103,横店影视,453000000,53000000,2017-10-12
603105,芯能科技,500000000,88000000,2018-07-09
603106,恒银金融,308000000,130350000,2017-09-20
603108,润达医疗,579534100,508282100,2015-05-27
603110,东方材料,143733400,54300500,2017-10-13
603111,康尼机电,993275500,738383300,2014-08-01
603113,金能科技,675939500,331865300,2017-05-11
603116,红蜻蜓,585335000,576200800,2015-06-29
603117,万林股份,647249300,625889600,2015-06-29
603118,共进股份,781817000,775733300,2015-02-25
603123,翠微股份,524144200,524144200,2012-05-03
603126,中材节能,610500000,610500000,2014-07-31
603127,昭衍新药,114994599,55809500,2017-08-25
603128,华贸物流,1012038400,954804500,2012-05-29
603129,春风动力,134596400,65177299,2017-08-18
603131,上海沪工,200000000,50000000,2016-06-07
603133,碳元科技,208000000,111980900,2017-03-20
603136,天目湖,80000000,20000000,2017-09-27
603138,海量数据,150448200,47356400,2017-03-06
603139,康惠制药,99880000,53630000,2017-04-21
603156,养元饮品,753270000,60270000,2018-02-12
603157,拉夏贝尔,547671600,360592800,2017-09-25
603158,腾龙股份,218600000,216971200,2015-03-20
603159,上海亚虹,100000000,25000000,2016-08-12
603160,汇顶科技,456651700,231595600,2016-10-17
603161,科华控股,133400000,33400000,2018-01-05
603165,荣晟环保,177352000,44352000,2017-01-17
603166,福达股份,597718700,592018700,2014-11-27
603167,渤海轮渡,493232000,481400000,2012-09-06
603168,莎普爱思,322592500,297342500,2014-07-02
603169,兰石重装,1051502500,1025415600,2014-10-09
603177,德创环保,202000000,61750000,2017-02-07
603178,圣龙股份,203348000,50000000,2017-03-28
603179,新泉股份,227723000,94922800,2017-03-17
603180,金牌厨柜,67500000,18416500,2017-05-12
603181,皇马科技,200000000,99000000,2017-08-24
603183,建研院,125104000,73717400,2017-09-05
603186,华正新材,130670000,73716800,2017-01-03
603187,海容冷链,80000000,20000000,2018-11-29
603188,亚邦股份,576000000,576000000,2014-09-09
603189,网达软件,220800000,110100000,2016-09-14
603192,汇得科技,106666700,26666700,2018-08-28
603196,日播时尚,240000000,65400000,2017-05-31
603197,保隆科技,167024600,98401700,2017-05-19
603198,迎驾贡酒,800000000,800000000,2015-05-28
603199,九华旅游,110680000,110680000,2015-03-26
603200,上海洗霸,75044500,25270000,2017-06-01
603203,快克股份,158315300,52786200,2016-11-08
603208,江山欧派,80816100,30816100,2017-02-10
603214,爱婴室,100000000,25000000,2018-03-30
603218,日月股份,407230000,99429100,2016-12-28
603220,贝通信,337760000,84440000,2018-11-15
603222,济民制药,320000000,320000000,2015-02-17
603223,恒通股份,201600000,168000000,2015-06-30
603225,新凤鸣,842800000,119000000,2017-04-18
603226,菲林格尔,116490400,29316800,2017-06-15
603227,雪峰科技,658700000,658700000,2015-05-15
603228,景旺电子,411000000,81088000,2017-01-06
603229,奥翔药业,160000000,53980000,2017-05-09
603232,格尔软件,85400000,51170000,2017-04-21
603233,大参林,400010000,64151200,2017-07-31
603238,诺邦股份,120000000,30000000,2017-02-22
603239,浙江仙通,270720000,90720000,2016-12-30
603258,电魂网络,243077000,116538000,2016-10-26
603259,药明康德,1048266900,104198600,2018-05-08
603260,合盛硅业,670000000,260841800,2017-10-30
603266,天龙股份,140000000,35000000,2017-01-10
603268,松发股份,125137600,124168799,2015-03-19
603269,海鸥股份,91470000,37144100,2017-05-17
603277,银都股份,400800000,156396000,2017-09-11
603278,大业股份,208000000,86533200,2017-11-13
603283,赛腾股份,162763900,40000000,2017-12-25
603286,日盈电子,88076000,45751000,2017-06-27
603288,海天味业,2701206700,2696886700,2014-02-11
603289,泰瑞机器,266503000,135773600,2017-10-31
603297,永新光学,84000000,21000000,2018-09-10
603298,杭叉集团,618854200,170585600,2016-12-27
603299,井神股份,559440000,279300900,2015-12-31
603300,华铁科技,485296300,405340000,2015-05-29
603301,振德医疗,100000000,25000000,2018-04-12
603303,得邦照明,408000000,102000000,2017-03-30
603305,旭升股份,400600000,63263500,2017-07-10
603306,华懋科技,313019700,307019700,2014-09-26
603308,应流股份,433754300,400010000,2014-01-22
603309,维力医疗,200000000,200000000,2015-03-02
603311,金海环境,210000000,210000000,2015-05-18
603313,梦百合,240000000,82347000,2016-10-13
603315,福鞍股份,219950900,219950900,2015-04-24
603316,诚邦股份,203280000,105076600,2017-06-19
603318,派思股份,403302300,402162300,2015-04-24
603319,湘油泵,80920000,56680300,2016-11-30
603320,迪贝电气,100000000,32500000,2017-05-02
603321,梅轮电梯,307000000,116100000,2017-09-15
603322,超讯通信,112000000,45358900,2016-07-28
603323,吴江银行,1448084300,606928000,2016-11-29
603326,我乐家居,225988100,64366400,2017-06-16
603328,依顿电子,997778500,992367000,2014-07-01
603329,上海雅仕,132000000,33000000,2017-12-29
603330,上海天洋,78000000,31523500,2017-02-13
603331,百达精工,129233300,31813300,2017-07-05
603333,尚纬股份,520005000,510465000,2012-05-07
603335,迪生力,329342000,156442000,2017-06-20
603336,宏辉果蔬,173355000,68680400,2016-11-24
603337,杰克股份,305871600,81059600,2017-01-19
603338,浙江鼎力,247696699,247696699,2015-03-25
603339,四方科技,210743800,57815900,2016-05-19
603345,安井食品,216040000,122849400,2017-02-22
603348,文灿股份,220000000,55000000,2018-04-26
603355,莱克电气,401000000,401000000,2015-05-13
603356,华菱精工,133340000,33340000,2018-01-24
603357,设计总院,324673400,158673400,2017-08-01
603358,华达科技,313600000,137701600,2017-01-25
603359,东珠生态,318640000,152950300,2017-09-01
603360,百傲化学,186676000,78409300,2017-02-06
603363,傲农生物,425980000,183992900,2017-09-26
603365,水星家纺,266670000,88584000,2017-11-20
603366,日出东方,800000000,800000000,2012-05-21
603367,辰欣药业,453353000,287679800,2017-09-29
603368,柳药股份,259073400,204750000,2014-12-04
603369,今世缘,1254500000,1254500000,2014-07-03
603377,东方时尚,588000000,164858800,2016-02-05
603378,亚士创能,194800000,68980000,2017-09-28
603380,易德龙,160000000,47894799,2017-06-22
603383,顶点软件,120213799,58017100,2017-05-22
603385,惠达卫浴,369396400,263726900,2017-04-05
603386,广东骏亚,201800000,56675000,2017-09-12
603387,基蛋生物,186012599,92093799,2017-07-17
603388,元成股份,206500000,85053500,2017-03-24
603389,亚振家居,218960000,62960000,2016-12-15
603393,新天然气,160000000,95644700,2016-09-12
603396,金辰股份,75556700,31569200,2017-10-18
603398,邦宝益智,212775000,211702000,2015-12-09
603399,吉翔股份,546750600,508050600,2012-08-24
603416,信捷电气,140560000,35140000,2016-12-21
603421,鼎信通讯,442995500,45596200,2016-10-11
603429,集友股份,190400000,97580000,2017-01-24
603444,吉比特,71882200,41248200,2017-01-04
603456,九洲药业,805889200,800953600,2014-10-10
603458,勘设股份,126131500,85321000,2017-08-09
603466,风语筑,291951000,88000000,2017-10-20
603477,振静股份,240000000,60000000,2017-12-18
603486,科沃斯,400100000,40100000,2018-05-28
603488,展鹏科技,208941000,96489000,2017-05-16
603496,恒为科技,142060000,76066600,2017-06-07
603499,翔港科技,101320400,25000000,2017-10-16
603500,祥和实业,176400000,50400000,2017-09-04
603501,韦尔股份,455813900,136565000,2017-05-04
603505,金石资源,240000000,112034599,2017-05-03
603506,南都物业,103174599,25793700,2018-02-01
603507,振江股份,128081400,74571800,2017-11-06
603508,思维列控,160000000,65200000,2015-12-24
603515,欧普照明,756130100,127350700,2016-08-19
603516,淳中科技,130965400,32741400,2018-02-02
603517,绝味食品,410000000,163702400,2017-03-17
603518,维格娜丝,180554000,149169400,2014-12-03
603519,立霸股份,221939900,221939900,2015-03-19
603520,司太立,120000000,64650000,2016-03-09
603527,众源新材,174160000,107526800,2017-09-07
603528,多伦科技,627090000,187590000,2016-05-03
603533,掌阅科技,401000000,123911500,2017-09-21
603535,嘉诚国际,150400000,66080000,2017-08-08
603536,惠发股份,168000000,60254100,2017-06-13
603538,美诺华,149134000,89460000,2017-04-07
603555,贵人鸟,628602100,628602100,2014-01-24
603556,海兴电力,495153100,167753600,2016-11-10
603557,起步股份,469979700,218902500,2017-08-18
603558,健盛集团,416356300,310245700,2015-01-27
603559,中通国脉,143313200,79498500,2016-12-02
603566,普莱柯,323740000,321496000,2015-05-18
603567,珍宝岛,849160000,849160000,2015-04-24
603568,伟明环保,687719000,682638000,2015-05-28
603569,长久物流,560014000,80196800,2016-08-10
603577,汇金通,175020000,77515400,2016-12-22
603578,三星新材,88000000,31900000,2017-03-06
603579,荣泰健康,140000000,51420000,2017-01-11
603580,艾艾精工,93338000,30163000,2017-05-25
603583,捷昌驱动,120800000,30200000,2018-09-21
603585,苏利股份,180000000,54000000,2016-12-14
603586,金麒麟,215618000,100109100,2017-04-06
603587,地素时尚,401000000,61000000,2018-06-22
603588,高能环境,660516200,654377000,2014-12-29
603589,口子窖,600000000,600000000,2015-06-29
603590,康辰药业,160000000,40000000,2018-08-27
603595,东尼电子,142822400,48650000,2017-07-12
603596,伯特利  ,408561000,40860000,2018-04-27
603598,引力传媒,270623000,267862900,2015-05-27
603599,广信股份,464679100,372426500,2015-05-13
603600,永艺股份,303044800,250000000,2015-01-23
603601,再升科技,540611800,540611800,2015-01-22
603602,纵横通信,112000000,66370300,2017-08-10
603603,博天环境,401570000,234830000,2017-02-17
603605,珀莱雅,201096200,62091800,2017-11-15
603606,东方电缆,503157300,419809500,2014-10-15
603607,京华激光,127512000,48714300,2017-10-25
603608,天创时尚,431402200,128561299,2016-02-18
603609,禾丰牧业,831176500,831176500,2014-08-08
603611,诺力股份,267675900,226328900,2015-01-28
603612,索通发展,340239100,178862100,2017-07-18
603615,茶花股份,240000000,74862400,2017-02-13
603616,韩建河山,293360000,293360000,2015-06-11
603617,君禾股份,101834000,30437000,2017-07-03
603618,杭电股份,686878900,686878900,2015-02-17
603619,中曼石油,400000100,40000100,2017-11-17
603626,科森科技,415576800,158106700,2017-02-09
603628,清源股份,273800000,88800000,2017-01-12
603630,拉芳家化,226720000,81293300,2017-03-13
603633,徕木股份,156455000,107948900,2016-11-17
603636,南威软件,527257000,522709800,2014-12-30
603637,镇海股份,174026600,43223900,2017-02-08
603638,艾迪精密,260480000,84981600,2017-01-20
603639,海利尔,169399900,54304399,2017-01-12
603648,畅联股份,368666700,273187200,2017-09-13
603650,彤程新材,585987500,58800000,2018-06-27
603655,朗博科技,106000000,26500000,2017-12-29
603656,泰禾光电,148881600,63331100,2017-03-21
603657,春光科技,96000000,24000000,2018-07-30
603658,安图生物,420000000,136537800,2016-09-01
603659,璞泰来,434695500,193119199,2017-11-03
603660,苏州科达,360184300,237525600,2016-12-01
603661,恒林股份,100000000,28750000,2017-11-21
603663,三祥新材,135709000,49066899,2016-08-01
603665,康隆达,100000000,37270800,2017-03-13
603666,亿嘉和,98245700,24561500,2018-06-12
603667,五洲新春,263120000,113486900,2016-10-25
603668,天马科技,299764000,185973000,2017-01-17
603669,灵康药业,364000000,364000000,2015-05-28
603676,卫信康,423000000,66660500,2017-07-21
603677,奇精机械,196150400,57093400,2017-02-06
603678,火炬电子,452666000,451376000,2015-01-26
603679,华体科技,100990000,35046300,2017-06-21
603680,今创集团,608635000,58800000,2018-02-27
603683,晶华新材,126670000,44470000,2017-10-20
603685,晨丰科技,130000000,44200000,2017-11-27
603686,龙马环卫,299005000,296897000,2015-01-26
603688,石英股份,337296600,336825899,2014-10-31
603689,皖天然气,336000000,167361600,2017-01-10
603690,至纯科技,210940000,92176000,2017-01-13
603693,江苏新能,618000000,118000000,2018-07-03
603696,安记食品,168000000,168000000,2015-12-09
603698,航天工程,412300000,412300000,2015-01-28
603699,纽威股份,750000000,750000000,2014-01-17
603701,德宏股份,146055600,71136000,2016-04-12
603703,盛洋科技,229700000,108950000,2015-04-23
603706,东方环宇,160000000,40000000,2018-07-09
603707,健友股份,552425900,284604100,2017-07-19
603708,家家悦,468000000,156970900,2016-12-13
603709,中源家居,80000000,20000000,2018-02-08
603711,香飘飘,400010000,46297800,2017-11-30
603712,七一二,772000000,100000000,2018-02-26
603713,密尔克卫,152474000,38120000,2018-07-13
603716,塞力斯,205143700,96106500,2016-10-31
603717,天域生态,241796200,122079400,2017-03-27
603718,海利生物,644000000,644000000,2015-05-15
603721,中广天择,100000000,47346100,2017-08-11
603722,阿科力,86700000,40730000,2017-10-25
603725,天安新材,146680000,93973300,2017-09-06
603726,朗迪集团,132608000,33152000,2016-04-21
603727,博迈科,234145000,94870000,2016-11-22
603728,鸣志电器,416000000,175760000,2017-05-09
603729,龙韵股份,93338000,93338000,2015-03-24
603730,岱美股份,410305000,81166500,2017-07-28
603733,仙鹤股份,612000000,62000000,2018-04-20
603737,三棵树,133128900,43231800,2016-06-03
603738,泰晶科技,158724800,58764799,2016-09-28
603757,大元泵业,117320000,35000000,2017-07-11
603758,秦安股份,438797000,133498900,2017-05-17
603766,隆鑫通用,2053541900,2034156200,2012-08-10
603767,中马传动,298648000,94738000,2017-06-13
603768,常青股份,204000000,70125000,2017-03-24
603773,沃格光电,94595600,23648900,2018-04-17
603776,永安行,134400000,86137000,2017-08-17
603777,来伊份,340796300,110626900,2016-10-12
603778,乾景园林,500000000,226204100,2015-12-31
603779,威龙股份,229646699,103225600,2016-05-16
603787,新日股份,204000000,70890000,2017-04-27
603788,宁波高发,230094199,230094199,2015-01-20
603789,星光农机,260000000,260000000,2015-04-27
603790,雅运股份,147200000,36800000,2018-09-12
603797,联泰环保,213340000,53340000,2017-04-13
603798,康普顿,200000000,85400000,2016-04-06
603799,华友钴业,829747300,819881200,2015-01-29
603800,道森股份,208000000,208000000,2015-12-10
603801,志邦家居,160000000,83225300,2017-06-30
603803,瑞斯康达,421055600,219791600,2017-04-20
603806,福斯特,522600000,522600000,2014-09-05
603808,歌力思,337003000,329853000,2015-04-22
603809,豪能股份,149338000,82194000,2017-11-28
603810,丰山集团,80000000,20000000,2018-09-17
603811,诚意药业,119280000,80262000,2017-03-15
603813,原尚股份,89550000,46810000,2017-09-18
603816,顾家家居,430691000,89100000,2016-10-14
603817,海峡环保,450000000,180000000,2017-02-20
603818,曲美家居,491480000,484120000,2015-04-22
603819,神力股份,120820000,56100000,2016-11-25
603822,嘉澳环保,73353600,40603600,2016-04-28
603823,百合花,225000000,70343200,2016-12-20
603825,华扬联众,230102700,92385400,2017-08-02
603826,坤彩科技,468000000,189457599,2017-04-14
603828,柯利达,429294900,421200000,2015-02-26
603829,洛凯股份,160000000,72400000,2017-10-17
603833,欧派家居,420283500,92108100,2017-03-28
603838,四通股份,266680000,266680000,2015-07-01
603839,安正时尚,404287100,105514200,2017-02-14
603843,正平股份,400003000,192836300,2016-09-05
603848,好太太,401000000,71105000,2017-12-01
603855,华荣股份,331070000,201540000,2017-05-24
603856,东宏股份,256414600,91429000,2017-11-06
603858,步长制药,886340000,426185600,2016-11-18
603859,能科股份,113560000,49890000,2016-10-21
603860,中公高科,66680000,24180000,2017-08-02
603861,白云电器,442740600,121085300,2016-03-22
603866,桃李面包,470626000,79677300,2015-12-22
603868,飞科电器,435600000,43600000,2016-04-18
603869,新智认知,348806300,268105400,2015-03-26
603871,嘉友国际,112000000,28000000,2018-02-06
603876,鼎胜新材,430000000,65000000,2018-04-18
603877,太平鸟,480759300,200493800,2017-01-09
603878,武进不锈,204468800,101010100,2016-12-19
603879,永悦科技,144000000,81000000,2017-06-14
603880,南卫股份,130000000,63407500,2017-08-07
603881,数据港,210586500,127844599,2017-02-08
603882,金域医学,457884600,279639400,2017-09-08
603883,老百姓,284945300,267000000,2015-04-23
603885,吉祥航空,1797013500,1797013500,2015-05-27
603886,元祖股份,240000000,121209000,2016-12-28
603887,城地股份,144200000,82966500,2016-10-10
603888,新华网,519029400,176470000,2016-10-28
603889,新澳股份,393651100,393651100,2014-12-31
603890,春秋电子,191800000,96782000,2017-12-12
603895,天永智能,108080000,27020000,2018-01-22
603896,寿仙谷,143334600,61056500,2017-05-10
603897,长城科技,178400000,44600000,2018-04-10
603898,好莱客,320115300,108594800,2015-02-17
603899,晨光文具,920000000,920000000,2015-01-27
603900,莱绅通灵,340473800,85118500,2016-11-23
603901,永创智能,439389000,184000000,2015-05-29
603903,中持股份,103336000,73799700,2017-03-14
603906,龙蟠科技,254064000,93325400,2017-04-10
603908,牧高笛,66690000,23049300,2017-03-07
603909,合诚股份,102500000,25000000,2016-06-28
603912,佳力图,210420000,107800000,2017-11-01
603916,苏博特,309310000,128950000,2017-11-10
603917,合力科技,156800000,80257900,2017-12-04
603918,金桥信息,179420000,176526000,2015-05-28
603919,金徽酒,364000000,115838500,2016-03-10
603920,世运电路,409302000,128210000,2017-04-26
603922,金鸿顺,128000000,32000000,2017-10-23
603926,铁流股份,123770000,65092500,2017-05-10
603928,兴业股份,201600000,62771500,2016-12-12
603929,亚翔集成,213360000,96560000,2016-12-30
603933,睿能科技,143738000,35938000,2017-07-06
603936,博敏电子,215457599,167350000,2015-12-09
603937,丽岛新材,208880000,75858300,2017-11-02
603938,三孚股份,150166600,50786600,2017-06-28
603939,益丰药房,376806000,362694700,2015-02-17
603955,大千生态,113100000,71320200,2017-03-10
603958,哈森股份,219906699,65999000,2016-06-29
603959,百利科技,313600000,148960000,2016-05-17
603960,克来机电,135200000,51808400,2017-03-14
603963,大理药业,130000000,76375000,2017-09-22
603966,法兰泰克,210979600,92989100,2017-01-25
603968,醋化股份,204480000,204480000,2015-05-18
603969,银龙股份,841000000,841000000,2015-02-27
603970,中农立华,160000100,79600100,2017-11-16
603976,正川股份,151200000,38299900,2017-08-22
603977,国泰集团,391234000,175952000,2016-11-11
603978,深圳新星,160000000,76121700,2017-08-07
603979,金诚信,585000000,585000000,2015-06-30
603980,吉华集团,500000000,245633100,2017-06-15
603985,恒润股份,104000000,66560000,2017-05-05
603986,兆易创新,284644500,207397200,2016-08-18
603987,康德莱,441609000,266100000,2016-11-21
603988,中电电机,235200000,235200000,2014-11-04
603989,艾华集团,390001700,390001700,2015-05-15
603990,麦迪科技,80634800,60272000,2016-12-08
603991,至正股份,74535000,41078900,2017-03-08
603993,洛阳钼业,21599240600,21599240600,2012-10-09
603996,中新科技,300150000,103275000,2015-12-22
603997,继峰股份,639649000,630000000,2015-03-02
603998,方盛制药,428562699,425196700,2014-12-05
603999,读者传媒,576000000,576000000,2015-12-10
